,ID,X.x,Cugdc,RunfileC,pcC,normd13C,d13Csd,Nugdc,RunfileN,pcN,normd15N,d15Nsd,,Species,time,rep,temp,CharrNo,Freshwt,Charwt,char,pcwtloss,newCN
13,FT0A,13,324.3889718,190308,30.89418779,-27.09037208,0.075089975,44.30298141,NA,1.096608451,1.277810497,0.363798125,-0.735157083,Free-T wheat,0,A,0,16,NA,NA,fresh,0,32.867902
15,FT0C,15,480.8531869,190308,43.71392608,-27.05987935,0.075039592,44.01842655,NA,1.100460664,1.544191959,0.360771927,-0.724862146,Free-T wheat,0,C,0,16,NA,NA,fresh,0,46.34384682
82,RYE0A,82,404.7804818,190117,40.07727543,-25.61662021,0.159106867,40.7889214,NA,1.213436045,2.167053464,0.503075823,-0.700790204,rye,0,A,0,16,1627.4,1627.4,fresh,0,46.31099615
83,RYE0B,83,347.7694027,190117,36.22597945,-25.82604767,0.160929011,43.31648702,NA,1.145424142,3.002050808,0.495377097,-0.668519776,rye,0,B,0,16,1627.4,1627.4,fresh,0,39.5156128
132,RYEXX2,132,305.8413878,190308,29.98444978,-25.61614788,0.073223192,48.97125484,NA,1.239778604,2.650465024,0.348853128,-0.682107631,RyeX,0,B,0,NA,NA,NA,fresh,0,28.21621375
131,RYEXX1,131,365.2847284,190308,32.90853409,-25.2807351,0.072965565,51.33753009,NA,1.286654889,3.912067638,0.336642888,-0.633350043,RyeX,0,A,0,NA,NA,NA,fresh,0,29.83961751
14,FT0B,14,432.4113973,190117,39.31012703,-26.81619976,0.273621034,52.44683989,NA,1.324415149,2.146880308,0.422732185,-0.701569843,Free-T wheat,0,B,0,16,NA,NA,fresh,0,34.62797516
84,RYE0C,84,359.5172966,190117,33.91672609,-24.89035155,0.153170373,52.69506455,NA,1.463241122,2.185771296,0.504232784,-0.70006681,rye,0,C,0,16,1627.4,1627.4,fresh,0,30.48714852
133,RYEXX3,133,392.7096257,190308,37.40091673,-25.96340278,0.073556242,53.63041561,NA,1.334089941,2.466489184,0.350760074,-0.68921781,RyeX,0,C,0,NA,NA,NA,fresh,0,32.70724224
276,NB0-0C,26,410.56,131017,39.47692308,-28.05837775,0.052395888,59.3901817,130930,1.148746261,1.928891711,0.322483799,0,NB,0,C,0,13,2.19039,2.19039,fresh,0,40.09276184
275,NB0-0B,41,418.9777084,131016,39.52619891,-27.96449836,0.050128974,60.26162852,130930,1.167861018,2.947676814,0.314371601,0,NB,0,B,0,13,2.19039,2.19039,fresh,0,39.48577615
274,NB0-0A,56,432.0176105,131021,40.0016306,-28.30204973,0.054868536,60.51979009,130930,1.148383114,3.544803029,0.30981977,0,NB,0,A,0,13,2.19039,2.19039,fresh,0,40.63850163
1,BAR0A,1,417.4195214,190355,38.25139118,-26.35446794,0.068816365,63.51594681,NA,1.524968031,0.561972091,0.440769898,-0.762822335,Barley,0,A,0,16,NA,NA,fresh,0,28.45550329
267,HBA0-0C,51,433.627457,131204,40.52593056,-28.2278407,0.069816929,64.0710351,131128,1.278862976,0.707672654,0.177428446,0,HBA,0,C,0,A0,1.95,1.95,fresh,0,36.97053805
278,PBA0-0B,28,428.4917295,131130,40.80873614,-28.2641932,0.058589847,64.35792992,131128,1.256990819,1.204225147,0.176455804,0,PBA,0,B,0,P0,1.9,1.9,fresh,0,37.87632452
266,HBA0-0B,49,415.3485891,131204,40.72044991,-28.76925819,0.068588132,68.08964123,131128,1.340347268,0.202230198,0.17847782,0,HBA,0,B,0,A0,1.95,1.95,fresh,0,35.44394254
277,PBA0-0A,68,416.1494854,131120,40.40286266,-28.44978611,0.075519078,68.46087379,131121,1.2917146,0.9009127,0.297187224,0,PBA,0,A,0,P0,1.9,1.9,fresh,0,36.49155402
2,BW0-0B,36,479.0401794,131016,42.77144459,-27.25045493,0.049027313,69.60884581,130902,1.383873674,2.073670062,0.317677794,0,BW,0,B,0,13,3.48933,3.48933,fresh,0,36.05821804
3,BW0-0C,50,448.8123109,131021,39.02715747,-27.18958897,0.05285559,70.52794593,130819,1.330715961,1.985770847,0.321129033,0,BW,0,C,0,13,3.48933,3.48933,fresh,0,34.21592966
2,BAR0B,2,384.6219724,190259.5,35.94597873,-26.24121092,0.164944051,71.20482077,NA,0.151398985,-0.419825762,0.45930203,-0.800766213,Barley,0,B,0,16,NA,NA,fresh,0,24.33912246
269,HBH0-0B,17,437.2067145,131204,38.35146618,-26.71787454,0.074838697,71.6149463,131128,1.302089933,0.670510993,0.177503573,0,HBH,0,B,0,H0,2.53,2.53,fresh,0,34.36273954
279,PBA0-0C,35,454.5351435,131130,40.58349496,-28.86258003,0.059820365,72.29782194,131128,1.374483307,0.865466952,0.177113052,0,PBA,0,C,0,P0,1.9,1.9,fresh,0,34.44742511
1,BW0-0A,59,418.8692927,131016,41.88692927,-27.01117535,0.048688597,72.41735264,130819,1.419948091,2.210193139,0.319547982,0,BW,0,A,0,13,3.48933,3.48933,fresh,0,34.41540184
3,BAR0C,3,340.3335944,190355,32.50523212,-26.51541812,0.069137641,72.78086393,NA,1.413474176,1.099899358,0.431145203,-0.742032875,Barley,0,C,0,16,NA,NA,fresh,0,20.79006037
270,HBH0-0C,69,453.924728,131120,40.52899357,-26.84264006,0.072355317,73.06308704,131121,1.363117296,0.689419134,0.29780726,0,HBH,0,C,0,H0,2.53,2.53,fresh,0,34.6880096
135,SPT0B,135,390.8718715,190117,39.48200722,-27.67850743,0.286021507,74.11893119,NA,1.848352399,5.175380197,0.578816753,-0.584526369,spelt,0,B,0,16,1627.4,1627.4,fresh,0,24.92075742
182,WHXX1,182,430.2887014,190308,43.90701035,-25.05751085,0.07282934,76.61225341,NA,1.882364949,4.280762491,0.333375096,-0.619100966,Wheat,0,A,0,NA,NA,NA,fresh,0,27.21302553
183,WHXX2,183,387.8658992,190308,38.02606855,-25.2511851,0.072945909,77.16153949,NA,1.886590208,3.363405695,0.341762374,-0.654554369,Wheat,0,B,0,NA,NA,NA,fresh,0,23.51530632
265,HBA0-0A,69,432.7369094,131204,40.44270181,-28.31504727,0.069597313,78.97414147,131128,1.446412847,0.524891888,0.177801072,0,HBA,0,A,0,A0,1.95,1.95,fresh,0,32.62080546
134,SPT0A,134,425.121326,190117,43.37972714,-26.97032288,0.275822445,80.68900488,NA,1.968024509,6.035703434,0.574005031,-0.551277162,spelt,0,A,0,16,1627.4,1627.4,fresh,0,25.71598139
26,OAT0B,26,379.861081,190117,38.7613348,-27.94141109,0.289840818,82.33464859,NA,2.037986351,2.895223116,0.593861441,-0.672648382,oat,0,B,0,16,910.4,910.4,fresh,0,22.18933274
280,PEA0-0A,56,445.7450582,131023,40.52227802,-27.57591608,0.085892003,82.6033589,130910,3.164879651,2.154246421,0.209190611,0,PE,0,A,0,10,6.07954,6.07954,fresh,0,14.93768997
268,HBH0-0A,34,440.6256527,131130,40.05687752,-26.28239388,0.055065336,83.69987964,131128,1.541434248,0.16978484,0.178547202,0,HBH,0,A,0,H0,2.53,2.53,fresh,0,30.31788339
136,SPT0C,136,467.143914,190117,45.35377806,-26.96712263,0.275776665,84.57858564,NA,2.109191662,5.766404735,0.57545873,-0.561684841,spelt,0,C,0,16,1627.4,1627.4,fresh,0,25.08673917
281,PEA0-0B,59,430.6162915,131026,40.24451322,-27.89133328,0.080553597,87.45533526,130903,3.416224034,1.224649955,0.193873312,0,PE,0,B,0,10,6.07954,6.07954,fresh,0,13.74380943
27,OAT0C,27,437.6873637,190117,42.49391881,-27.4359613,0.282513431,87.47598162,NA,2.092726833,3.431574372,0.59003161,-0.651919831,oat,0,C,0,16,910.4,910.4,fresh,0,23.68978016
25,OAT0A,25,405.4982414,190117,40.95941832,-27.3416745,0.281153848,89.26129235,NA,2.187776773,3.191354352,0.591725286,-0.661203696,oat,0,A,0,16,910.4,910.4,fresh,0,21.84225951
184,WHXX3,184,286.6675152,190308,28.53682939,-25.02155507,0.072810045,89.45702728,NA,2.29376993,2.569524574,0.349688282,-0.685235765,Wheat,0,C,0,NA,NA,NA,fresh,0,14.51451917
282,PEA0-0C,51,403.4417268,131026,39.55311047,-27.29033184,0.07845509,95.97037111,130903,3.580983997,1.905942526,0.191813868,0,PE,0,C,0,10,6.07954,6.07954,fresh,0,12.88620547
261,EIN0-0C,36,411.5094683,131021,39.56821811,-27.20982867,0.052890863,97.12512053,130930,1.842981414,1.114547691,0.329263454,0,EI,0,C,0,13,1.95321,1.95321,fresh,0,25.04795804
264,EM0-0C,16,405.4471422,131022,39.36380021,-25.78102086,0.048358545,97.39666195,130930,1.887532208,0.747447818,0.332400785,0,EM,0,C,0,13,2.8696,2.8696,fresh,0,24.33041056
263,EM0-0B,42,444.1799923,131025,40.3799993,-25.79166395,0.072693969,98.89855542,130930,1.841686321,0.960145188,0.330577028,0,EM,0,B,0,13,2.8696,2.8696,fresh,0,25.57981707
273,LEN0-0C,17,451.5896406,131025,42.60279628,-26.27026328,0.073663751,99.58275373,130930,3.889951318,-0.069968306,0.339558612,0,LE,0,C,0,13,1.54484,1.54484,fresh,0,12.77734817
260,EIN0-0B,45,428.7785783,131025,41.62898818,-26.90432739,0.075056927,102.7708765,130930,2.02304875,1.465409629,0.326311448,0,EI,0,B,0,13,1.95321,1.95321,fresh,0,24.00691179
259,EIN0-0A,18,445.4994763,131026,40.87151159,-27.02910338,0.077565247,103.6841987,130930,2.021134478,1.0034381,0.330207832,0,EI,0,A,0,13,1.95321,1.95321,fresh,0,23.59240848
271,LEN0-0A,21,412.3615197,131026,41.23615197,-26.50358981,0.075818606,105.8817528,130930,4.088098564,-0.011797374,0.339041612,0,LE,0,A,0,13,1.54484,1.54484,fresh,0,11.76802448
262,EM0-0A,29,441.5024587,131025,40.13658715,-25.93681885,0.072980454,106.8647457,130930,1.971674275,0.902606693,0.331068768,0,EM,0,A,0,13,2.8696,2.8696,fresh,0,23.74936821
272,LEN0-0B,60,461.7986177,131026,41.23201944,-26.12858281,0.07460953,111.2696677,130930,4.060936777,0.336383131,0.335971263,0,LE,0,B,0,13,1.54484,1.54484,fresh,0,11.84554828
4,BAR0D,4,448.6465441,190402,40.41860758,-26.52731443,0.064121197,NA,NA,1.564693284,0.319076541,0.445242332,-0.772209602,Barley,0,D,0,16,NA,NA,fresh,0,NA
5,BAR0E,5,437.4949806,190402,39.41396222,-26.5505717,0.064194332,NA,NA,1.580409606,0.135173975,0.448678823,-0.779316948,Barley,0,E,0,16,NA,NA,fresh,0,NA
6,BAR0F,6,389.9048136,190402,35.12655978,-26.59748446,0.064342011,NA,NA,1.528269432,0.594620803,0.440174612,-0.761560549,Barley,0,F,0,16,NA,NA,fresh,0,NA
141,SPT2154B,141,337.8465449,181031,50.42485745,-26.93169807,0.082930972,62.54067479,NA,2.120022874,5.776991407,0.269087761,-0.561275695,spelt,4,B,215,1,2780.5,2242.28,charred,19.35695019,27.74922906
140,SPT2154A,140,284.9288998,181031,43.17104542,-27.77070411,0.083658486,68.41384902,NA,2.257882806,6.714245089,0.267445491,-0.52505333,spelt,4,A,215,1,2780.5,2242.28,charred,19.35695019,22.3068352
142,SPT2154C,142,306.0971373,181031,45.6861399,-27.35416014,0.083287723,69.51958111,NA,2.364611602,6.75497335,0.267390771,-0.523479291,spelt,4,C,215,1,2780.5,2242.28,charred,19.35695019,22.54090967
33,OAT2154C,33,320.9135601,181031,50.14274377,-27.2829509,0.083226222,88.43362719,NA,2.909000894,3.929888323,0.27442637,-0.63266132,oat,4,C,215,1,1714.4,1362.34,charred,20.5354643,20.10995178
31,OAT2154A,31,332.7887678,181031,46.87165744,-27.68520246,0.083580854,105.1788685,NA,3.426021775,4.617403849,0.272119842,-0.606090673,oat,4,A,215,1,1714.4,1362.34,charred,20.5354643,15.961253
32,OAT2154B,32,343.1420211,181031,51.21522703,-27.2292339,0.083180195,107.1711582,NA,3.490917205,4.372947428,0.272897244,-0.615538263,oat,4,B,215,1,1714.4,1362.34,charred,20.5354643,17.11616022
45,C4EM215-4C,49,317.1412943,131025,47.33452154,-25.35691512,0.071876722,61.16217038,130927,2.109040358,0.898905891,0.31914618,0,EM,4,C,215,1,1.91116,1.46082,charred,23.56369953,26.18423505
43,C4EM215-4A,35,290.553421,131025,48.42557017,-25.22929001,0.07164864,70.59616296,130819,2.277295579,1.661016806,0.323505101,0,EM,4,A,215,1,1.91116,1.46082,charred,23.56369953,24.80859272
44,C4EM215-4B,69,321.0136383,131025,48.63843005,-25.62887358,0.072380731,70.74428003,130819,2.238743039,1.138986146,0.327537831,0,EM,4,B,215,1,1.91116,1.46082,charred,23.56369953,25.3467388
88,RYE2154B,88,285.6917835,181031,43.95258208,-25.77702964,0.082056943,27.24831663,NA,1.342281607,1.536863308,0.360854399,-0.725145379,rye,4,B,215,1,1309.28,994.88,charred,24.01319809,38.20212699
89,RYE2154C,89,296.1654239,181031,42.30934627,-25.62407343,0.081952439,22.85128183,NA,1.114696675,1.193563759,0.364767262,-0.738412995,rye,4,C,215,1,1309.28,994.88,charred,24.01319809,44.28191553
90,RYE2154E,90,304.5581179,181031,47.38589472,-25.78553174,0.082062899,27.16459579,NA,1.305990182,0.921522964,0.367935503,-0.748926648,rye,4,E,215,1,1309.28,994.88,charred,24.01319809,42.33074995
34,C4EIN215-4A,60,347.1886779,131021,49.59838256,-27.56686083,0.053521508,66.58222862,130819,2.34444467,1.071355883,0.328079111,0,EI,4,A,215,1,1.77232,1.3387,charred,24.46623635,24.68165719
36,C4EIN215-4C,43,329.31,131017,51.4546875,-27.46290373,0.051331891,70.83033535,130819,2.467955936,1.682283113,0.323346353,0,EI,4,C,215,1,1.77232,1.3387,charred,24.46623635,24.32396295
35,C4EIN215-4B,25,326.87,131017,54.47833333,-27.31151203,0.051070251,70.88315944,130927,2.347124485,0.675836521,0.320319756,0,EI,4,B,215,1,1.77232,1.3387,charred,24.46623635,27.07911573
54,C4LEN215-4C,26,303.3240861,131021,49.72526002,-26.02692162,0.050919884,78.24706563,130927,4.890441602,0.222999891,0.322736888,0,LE,4,C,215,1,1.39993,1.04942,charred,25.03768046,11.8624877
53,C4LEN215-4B,34,312.68,131017,48.85625,-26.16093512,0.049207001,78.6549982,130927,4.885403615,0.231931108,0.32268877,0,LE,4,B,215,1,1.39993,1.04942,charred,25.03768046,11.66719535
52,C4LEN215-4A,52,321.3114607,131016,50.20491573,-26.32424465,0.047805277,81.36200623,130926,4.871976421,0.598543406,0.218246657,0,LE,4,A,215,1,1.39993,1.04942,charred,25.03768046,12.02230812
239,C8HBH215-4B,51,293.8007504,131120,47.38721781,-26.91415656,0.072489435,56.06837747,131121,1.96731149,0.462525452,0.298492126,0,HBH,4,B,215,H1,2.49,1.86,charred,25.30120482,28.10184748
238,C8HBH215-4A,59,314.8321343,131130,50.7793765,-26.05318914,0.054717343,56.78762835,131128,1.886632171,0.683878487,0.177476511,0,HBH,4,A,215,H1,2.49,1.86,charred,25.30120482,31.40124865
240,C8HBH215-4C,40,354.2609515,131130,50.60870736,-26.53013991,0.055456108,57.59349339,131128,1.805438664,1.077267166,0.176698937,0,HBH,4,C,215,H1,2.49,1.86,charred,25.30120482,32.7031281
25,C4BW215-4A,24,314.9262626,131025,47.00391979,-27.1269706,0.075574297,48.18741589,130926,1.633471725,2.414820414,0.216263344,0,BW,4,A,215,1,2.96379,2.21225,charred,25.35739712,33.57138393
26,C4BW215-4B,37,304.6491915,131021,44.80135169,-27.10278929,0.05270491,46.95612179,130819,1.570438856,1.654938613,0.323550554,0,BW,4,B,215,1,2.96379,2.21225,charred,25.35739712,33.28257158
27,C4BW215-4C,67,289.65,131017,46.71774194,-27.28123369,0.051018366,50.24255779,130927,1.75061177,1.50883279,0.315996237,0,BW,4,C,215,1,2.96379,2.21225,charred,25.35739712,31.13427729
91,RYE2158B,91,302.9167821,181031,45.21146001,-26.03039395,0.082235899,28.70061669,NA,1.400030082,1.737177453,0.358616354,-0.71740377,rye,8,B,215,2,1367.11,1008.17,charred,26.25538545,37.67540713
92,RYE2158C,92,314.6569748,181031,48.40876535,-25.88101167,0.082129507,28.87078351,NA,1.408330903,1.057889283,0.366339998,-0.743656453,rye,8,C,215,2,1367.11,1008.17,charred,26.25538545,40.102005
93,RYE2158E,93,292.7954525,181031,43.70081381,-25.6846581,0.081993513,31.07403028,NA,1.553701514,2.848532669,0.346834972,-0.674452843,rye,8,E,215,2,1367.11,1008.17,charred,26.25538545,32.81472169
36,OAT2158E,36,331.9461456,181031,49.54420084,-28.11874323,0.083982567,69.85965673,NA,2.558961785,4.612954966,0.272133566,-0.60626261,oat,8,E,215,2,1510.05,1106.37,charred,26.73288964,22.58789794
35,OAT2158D,35,317.1972163,181031,51.16084134,-28.20110571,0.084061146,83.1090523,NA,2.978819079,4.303286932,0.273127443,-0.618230457,oat,8,D,215,2,1510.05,1106.37,charred,26.73288964,20.0373526
34,OAT2158A,34,396.5739504,181031,55.85548597,-27.35048152,0.083284532,103.0504439,NA,3.378703079,4.719166154,0.271810253,-0.60215783,oat,8,A,215,2,1510.05,1106.37,charred,26.73288964,19.28690747
62,C4NB215-4B,27,315.0904646,131016,48.47545609,-28.07948047,0.050318686,48.52330736,130910,1.575432057,9.003874275,0.209002345,0,NB,4,B,215,1,1.97168,1.41168,charred,28.4021748,35.89789767
61,C4NB215-4A,34,299.4556543,131025,48.29929908,-28.09364208,0.077981104,50.5125678,130926,1.634710932,3.722122105,0.216605233,0,NB,4,A,215,1,1.97168,1.41168,charred,28.4021748,34.47042603
63,C4NB215-4C,37,352.815761,131021,51.13271899,-27.916968,0.054155044,53.61951747,130902,1.713083625,4.155619638,0.290358045,0,NB,4,C,215,1,1.97168,1.41168,charred,28.4021748,34.82307456
70,C4PEA215-4A,17,298.26,131017,43.22608696,-27.19039867,0.050863604,71.4426777,130926,4.579658827,0.414834873,0.218604422,0,PE,4,A,215,1,6.108,4.32008,charred,29.27177472,11.01183225
72,C4PEA215-4C,21,353.9193972,131022,53.62415109,-27.51250162,0.051086801,73.51962967,130903,4.868849647,3.06466867,0.188468914,0,PE,4,C,215,1,6.108,4.32008,charred,29.27177472,12.84934104
71,C4PEA215-4B,48,333.0118827,131016,50.45634586,-27.47340082,0.049356872,76.92532378,130910,4.662140835,0.163921956,0.215650446,0,PE,4,B,215,1,6.108,4.32008,charred,29.27177472,12.62633175
145,SPT2158C,145,411.9812999,181031,64.55999164,-27.04441979,0.083024269,49.31776745,NA,1.761348838,5.647002486,0.269373081,-0.566299421,spelt,8,C,215,2,2757.69,1928.8,charred,30.05740312,42.76267633
144,SPT2158B,144,423.5640111,181031,62.28882516,-27.5228635,0.083435625,84.84777167,NA,2.946103183,7.009051763,0.267080926,-0.513659835,spelt,8,B,215,2,2757.69,1928.8,charred,30.05740312,24.66658209
143,SPT2158A,143,319.7717816,181031,51.57609381,-27.15498358,0.083117092,86.61999331,NA,2.916498091,6.649532194,0.2675353,-0.527554311,spelt,8,A,215,2,2757.69,1928.8,charred,30.05740312,20.63162997
29,C4BW215-8B,24,292.13736,131025,48.68956,-26.83692791,0.074903145,56.58439597,130927,1.773805516,2.102157916,0.313016742,0,BW,8,B,215,2,2.39312,1.65225,charred,30.95833055,32.02407826
30,C4BW215-8C,37,360.3021824,131021,53.77644513,-27.1425402,0.052773797,58.03726496,130930,1.825071225,1.577901676,0.325374827,0,BW,8,C,215,2,2.39312,1.65225,charred,30.95833055,34.37629454
28,C4BW215-8A,35,326.78,131017,51.86984127,-27.26104813,0.050983858,60.84334196,130910,1.975433181,2.530379304,0.208278071,0,BW,8,A,215,2,2.39312,1.65225,charred,30.95833055,30.63369362
241,C8HBH215-8A,24,373.5914039,131130,54.93991234,-26.58769781,0.055549037,56.3146488,131128,1.935211299,0.421721825,0.178014837,0,HBH,8,A,215,H2,2.62,1.72,charred,34.35114504,33.12122269
243,C8HBH215-8C,64,357.5959933,131130,55.87437395,-26.28022252,0.055061978,63.69496536,131128,2.227096691,0.051500291,0.178802189,0,HBH,8,C,215,H2,2.62,1.72,charred,34.35114504,29.26984261
242,C8HBH215-8B,58,358.6204336,131120,53.52543785,-26.01954179,0.070859321,70.02171662,131121,2.38981968,0.652983205,0.29791587,0,HBH,8,B,215,H2,2.62,1.72,charred,34.35114504,26.13014893
57,C4LEN215-8C,19,358.8385861,131026,52.77038031,-26.4988421,0.075803099,88.34222298,130927,5.736507986,0.663485199,0.320385069,0,LE,8,C,215,2,1.40023,0.91672,charred,34.53075566,10.73221616
56,C4LEN215-8B,56,323.7046962,131026,51.38169781,-25.86450158,0.073777704,91.37784897,130927,6.01170059,0.787719486,0.319729711,0,LE,8,B,215,2,1.40023,0.91672,charred,34.53075566,9.971440396
55,C4LEN215-8A,65,331.1562293,131021,53.41229505,-26.42215143,0.051557418,92.8332354,130927,5.73044663,0.63217157,0.32055081,0,LE,8,A,215,2,1.40023,0.91672,charred,34.53075566,10.8742561
99,RYE2304C,99,NA,NA,NA,NA,NA,32.77120459,NA,1.63856023,3.093853626,0.34438637,-0.66497184,rye,4,C,230,4,1199.55,777.88,charred,35.1523488,NA
100,RYE2304E,100,448.9308609,181129,56.80593376,-25.27898158,0.077957306,38.72477889,NA,1.84403709,2.543712101,0.416917953,-0.686233348,rye,4,E,230,4,1199.55,777.88,charred,35.1523488,35.93940151
98,RYE2304B,98,430.5936599,181129,51.8787542,-25.7642876,0.079718614,79.73212364,NA,3.986606182,2.425839992,0.351185564,-0.690788793,rye,4,B,230,4,1199.55,777.88,charred,35.1523488,15.18214001
97,RYE2304A,97,458.449288,181129,56.59867753,-25.39296974,0.078366345,80.01172101,NA,3.941464089,3.892540002,0.336819885,-0.634104734,rye,4,A,230,4,1199.55,777.88,charred,35.1523488,16.75311228
48,C4EM215-8C,51,355.6740691,131026,52.30501016,-25.39151117,0.072330304,77.06139715,130902,2.694454446,1.241369008,0.328859153,0,EM,8,C,215,2,2.00825,1.30048,charred,35.24312212,22.64744611
47,C4EM215-8B,17,366.8290881,131025,54.75061016,-25.39316687,0.071942497,83.60539304,131027,2.732202387,1.886136685,0.407108963,0,EM,8,B,215,2,2.00825,1.30048,charred,35.24312212,23.37883612
46,C4EM215-8A,30,365.13,131017,56.17384615,-25.49481165,0.048236026,85.09196587,130903,2.675847983,1.130041548,0.194164567,0,EM,8,A,215,2,2.00825,1.30048,charred,35.24312212,24.49173281
38,C4EIN215-8B,51,376.9451974,131026,56.26047722,-27.05198612,0.077642635,82.2832203,130927,2.671533127,1.444218608,0.316325798,0,EI,8,B,215,2,1.80446,1.16338,charred,35.52752624,24.56912204
37,C4EIN215-8A,45,380.43,131017,56.78059701,-27.24086257,0.050949417,84.98494842,130819,2.851843907,1.564824602,0.324228624,0,EI,8,A,215,2,1.80446,1.16338,charred,35.52752624,23.22849077
39,C4EIN215-8C,40,398.2533454,131022,58.56666844,-27.25641855,0.050641858,88.29478884,130927,2.767861719,1.522143815,0.315928468,0,EI,8,C,215,2,1.80446,1.16338,charred,35.52752624,24.68612481
150,SPT2304B,150,496.7674033,181129,61.32930905,-27.25790321,0.085437616,85.61041478,NA,3.267573083,5.710696412,0.38646591,-0.56383782,spelt,4,B,230,4,2644.56,1679.74,charred,36.48319569,21.89724873
149,SPT2304A,149,466.2726136,181129,56.86251385,-27.46790531,0.086274311,86.73884281,NA,3.154139739,6.215304504,0.386253223,-0.544336057,spelt,4,A,230,4,2644.56,1679.74,charred,36.48319569,21.03254928
151,SPT2304C,151,400.1641343,181129,53.35521791,-27.15445153,0.085028209,98.47078886,NA,3.701909356,5.79452374,0.38637195,-0.560598116,spelt,4,C,230,4,2644.56,1679.74,charred,36.48319569,16.81504009
41,OAT2304B,41,500.8279214,181129,63.39593942,-27.66526646,0.087067341,93.38228927,NA,4.147110644,2.970751343,0.408102536,-0.669729416,oat,4,B,230,4,1561.33,984.12,charred,36.96912248,17.83456861
40,OAT2304A,40,414.8204375,181129,56.05681588,-27.23639142,0.085352332,105.6312678,NA,4.936040551,4.494809902,0.39043481,-0.610828603,oat,4,A,230,4,1561.33,984.12,charred,36.96912248,13.24940868
42,OAT2304C,42,548.8827972,181129,64.57444673,-27.42518628,0.086103507,126.4857462,NA,5.723336932,3.890647646,0.394187902,-0.634177869,oat,4,C,230,4,1561.33,984.12,charred,36.96912248,13.16309968
28,OAT21524A,28,372.9122258,181031,57.37111166,-27.59081807,0.083496071,97.87718752,NA,3.219644326,4.830202947,0.271481904,-0.597866553,oat,24,A,215,3,1570.52,974.36,charred,37.95940198,20.78893096
29,OAT21524B,29,431.1938769,181031,62.49186622,-28.2975542,0.084154077,103.089739,NA,3.629920387,4.273440038,0.273227246,-0.61938396,oat,24,B,215,3,1570.52,974.36,charred,37.95940198,20.08506234
30,OAT21524C,30,436.6630837,181031,66.16107329,-27.47903502,0.083396903,111.8820058,NA,3.680329138,4.240226779,0.273339131,-0.620667564,oat,24,C,215,3,1570.52,974.36,charred,37.95940198,20.97310212
108,C5LEN230-4C,57,352.2272567,131016,55.03550886,-26.32966221,0.047811714,86.18308288,130926,5.560198895,0.493606818,0.218447529,0,LE,4,C,230,4,1.59689,0.98698,charred,38.19361384,11.54780519
106,C5LEN230-4A,64,386.4,131017,56.82352941,-26.3728835,0.049533004,91.52446206,130926,5.866952696,1.078591277,0.217446892,0,LE,4,A,230,4,1.59689,0.98698,charred,38.19361384,11.29958278
107,C5LEN230-4B,42,370.6047026,131016,54.50069156,-25.91739727,0.047346653,93.59646185,130927,5.777559373,0.91088221,0.319083496,0,LE,4,B,230,4,1.59689,0.98698,charred,38.19361384,11.00536334
80,C5BW230-4B,18,347.1717244,131016,57.86195407,-26.96919404,0.048630793,54.83839403,130927,1.878027193,1.676370501,0.315146345,0,BW,4,B,230,4,3.16556,1.95498,charred,38.24220675,35.9449604
81,C5BW230-4C,61,382.7571892,131021,55.47205641,-26.89667434,0.052350982,56.48960132,130819,1.947917287,1.530061429,0.324492294,0,BW,4,C,230,4,3.16556,1.95498,charred,38.24220675,33.22389486
79,C5BW230-4A,53,386.39,131017,61.33174603,-26.96835752,0.050491009,74.88329528,130930,2.463266292,1.75563042,0.323904935,0,BW,4,A,230,4,3.16556,1.95498,charred,38.24220675,29.04830222
75,C4PEA215-8C,60,384.7423883,131026,56.57976299,-27.80864206,0.080260768,79.97164436,130902,5.061496478,0.929852866,0.333077373,0,PE,8,C,215,2,6.14241,3.75692,charred,38.83638507,13.0415429
73,C4PEA215-8A,45,352.4159252,131016,55.93903575,-27.67846245,0.04967165,83.66624951,130910,5.19666146,0.606042813,0.213985065,0,PE,8,A,215,2,6.14241,3.75692,charred,38.83638507,12.55848757
74,C4PEA215-8B,19,349.1836377,131022,58.19727295,-27.73725009,0.051488402,87.79025416,130910,5.320621464,1.635233023,0.210613972,0,PE,8,B,215,2,6.14241,3.75692,charred,38.83638507,12.76106915
89,C5EIN230-4B,58,403.86,131017,63.103125,-27.21058423,0.050897879,81.84223829,130819,2.783749602,1.567534256,0.32420812,0,EI,4,B,230,4,1.75698,1.07113,charred,39.03573177,26.44645641
88,C5EIN230-4A,34,353.79,131017,58.965,-27.41243983,0.051244269,90.48351616,130930,2.986254659,2.101345816,0.321081015,0,EI,4,A,230,4,1.75698,1.07113,charred,39.03573177,23.03638097
90,C5EIN230-4C,42,371.7445262,131021,59.00706765,-27.26016148,0.052978805,93.62670547,130903,3.069728048,1.599740795,0.192731166,0,EI,4,C,230,4,1.75698,1.07113,charred,39.03573177,22.42595365
99,C5EM230-4C,47,318.8089285,131021,49.81389508,-25.29893238,0.049804171,79.33790812,130902,2.803459651,1.075418519,0.331104116,0,EM,4,C,230,4,2.27731,1.38325,charred,39.25947719,20.73017563
97,C5EM230-4A,18,373.9840613,131025,59.36254941,-25.3492746,0.071862914,82.7511861,130926,2.833944729,1.141946525,0.217356022,0,EM,4,A,230,4,2.27731,1.38325,charred,39.25947719,24.43812927
98,C5EM230-4B,66,369.515589,131021,59.59928855,-25.60365364,0.05026171,82.98403917,130902,2.775385925,1.067398967,0.33121273,0,EM,4,B,230,4,2.27731,1.38325,charred,39.25947719,25.05327373
87,RYE21524C,87,501.666825,181031,70.6572993,-26.06087947,0.072376483,37.63403203,NA,1.664134082,1.81514957,0.387486875,-0.377014447,rye,24,C,215,3,1260.24,764.62,charred,39.3274297,45.77932228
85,RYE21524A,85,393.1935033,181031,61.43648489,-24.99637328,0.070499562,34.87642542,NA,1.77994461,3.365974786,0.367899751,-0.654455081,rye,24,A,215,3,1260.24,764.62,charred,39.3274297,40.07520881
86,RYE21524B,86,418.4996648,181031,66.42851822,-24.85490151,0.070114206,45.8061571,NA,2.062383585,3.425890724,0.367302203,-0.364856873,rye,24,B,215,3,1260.24,764.62,charred,39.3274297,35.19174737
250,C9HBH230-4A,67,370.3601894,131120,57.86877959,-26.33305471,0.071418655,63.27825491,131121,2.047839965,0.505172511,0.298361849,0,HBH,4,A,230,H4,2.56,1.54,charred,39.84375,32.96818958
252,C9HBH230-4C,37,412.2103729,131130,58.88719613,-26.70247396,0.055736729,68.40741116,131128,2.400260041,1.315338209,0.176246164,0,HBH,4,C,230,H4,2.56,1.54,charred,39.84375,28.62261907
251,C9HBH230-4B,52,393.6034681,131130,59.63688911,-25.59692915,0.054064342,83.16760452,131128,2.691508237,1.418624067,0.176053939,0,HBH,4,B,230,H4,2.56,1.54,charred,39.84375,25.85032796
64,C4NB215-8A,45,395.384139,131016,62.75938714,-27.9479841,0.050102001,55.04707584,130902,1.87873979,3.674530276,0.296579594,0,NB,8,A,215,2,2.12588,1.26619,charred,40.43925339,38.97255245
65,C4NB215-8B,37,423.9196145,131023,65.21840223,-28.01606968,0.086739221,55.70802881,131027,1.844636716,1.76523118,0.407771037,0,NB,8,B,215,2,2.12588,1.26619,charred,40.43925339,41.24830396
66,C4NB215-8C,24,510.5645457,131023,81.04199138,-27.52270242,0.085792415,72.62838728,131027,2.373476708,2.452031133,0.40416906,0,NB,8,C,215,2,2.12588,1.26619,charred,40.43925339,39.83565105
139,SPT21524C,139,379.6639856,181031,55.36014801,-27.38595842,0.083315601,82.45448456,NA,2.94480302,6.450247159,0.267833933,-0.535256149,spelt,24,C,215,3,2710.15,1608.74,charred,40.64018597,21.93248204
137,SPT21524A,137,421.1349768,181031,63.80832982,-27.54778183,0.083457732,100.8193156,NA,3.600689843,7.347489964,0.266752811,-0.500580098,spelt,24,A,215,3,2710.15,1608.74,charred,40.64018597,20.67466366
138,SPT21524B,138,438.0369872,181031,61.69535031,-27.70859606,0.083602017,101.8170363,NA,3.71595023,7.236537194,0.266849711,-0.504868128,spelt,24,B,215,3,2710.15,1608.74,charred,40.64018597,19.36998728
125,C5PEA230-4B,48,398.1048766,131025,57.69635893,-27.6859139,0.076934924,83.84717363,130926,5.207898983,1.413934571,0.217005022,0,PE,4,B,230,4,5.67661,3.35292,charred,40.93446617,12.92506229
126,C5PEA230-4C,56,377.0387006,131021,58.00595394,-28.1312258,0.054549914,84.07038968,130926,5.254399355,0.771586696,0.217935773,0,PE,4,C,230,4,5.67661,3.35292,charred,40.93446617,12.87941939
124,C5PEA230-4A,55,389.8084857,131026,56.49398343,-27.87203496,0.080485143,84.52368525,130903,5.63491235,0.711768845,0.19546734,0,PE,4,A,230,4,5.67661,3.35292,charred,40.93446617,11.69665884
49,C4LEN215-24A,51,360.5218792,131023,59.10194741,-26.01326407,0.083233622,89.47923006,130819,5.965282004,0.769880709,0.330543388,0,LE,24,A,215,3,1.52062,0.89772,charred,40.96355434,11.55892914
50,C4LEN215-24B,44,383.67307,131023,61.88275323,-25.77752362,0.082882107,101.7779352,131027,6.058210429,0.444507683,0.415760606,0,LE,24,B,215,3,1.52062,0.89772,charred,40.96355434,11.91714059
51,C4LEN215-24C,25,403.2397818,131023,61.09693664,-25.72012899,0.08279856,126.5543104,131027,7.716726244,0.898356652,0.412860828,0,LE,24,C,215,3,1.52062,0.89772,charred,40.96355434,9.237046535
51,OAT2454C,51,486.2537346,181206,58.5847873,-27.76946986,0.079436074,88.54038466,NA,3.621266578,2.744478852,0.332492878,-0.678474247,oat,4,C,245,7,1602.45,943.94,charred,41.09394989,18.87431291
49,OAT2454A,49,559.3487807,181206,65.80573891,-28.13512859,0.080632655,116.099937,NA,4.972510639,3.045511475,0.329958668,-0.666840136,oat,4,A,245,7,1602.45,943.94,charred,41.09394989,15.43955712
50,OAT2454B,50,538.3284546,181206,63.33275936,-27.53895245,0.078690977,122.469819,NA,5.023856728,2.369742318,0.335803332,-0.692956818,oat,4,B,245,7,1602.45,943.94,charred,41.09394989,14.70746943
116,C5NB230-4B,64,380.608501,131022,59.47007828,-27.93622776,0.051852411,51.7963252,130927,1.811060322,6.532860173,0.293651433,0,NB,4,B,230,4,1.73741,1.023,charred,41.11925222,38.31002047
115,C5NB230-4A,45,379.6211381,131022,58.40325202,-27.85017483,0.051694022,59.29232105,130927,2.03055894,3.993264571,0.304105718,0,NB,4,A,230,4,1.73741,1.023,charred,41.11925222,33.5558481
117,C5NB230-4C,69,351.1132249,131025,57.55954507,-28.07041464,0.077920327,60.55954501,130927,1.998664852,4.14983157,0.303409567,0,NB,4,C,230,4,1.73741,1.023,charred,41.11925222,33.598831
54,OAT2458C,54,549.9405077,181206,65.46910806,-27.65928496,0.079079016,75.61625256,NA,3.217712875,3.199806261,0.298255499,-0.660877052,oat,8,C,245,8,1596.71,937.32,charred,41.29679153,23.73755181
53,OAT2458B,53,513.7204014,181206,61.15719064,-27.05199751,0.077141581,92.1394534,NA,4.006063191,3.313577547,0.297718288,-0.656480095,oat,8,B,245,8,1596.71,937.32,charred,41.29679153,17.81051679
52,OAT2458A,52,485.4279055,181206,65.59836561,-27.16819695,0.077508199,108.0225508,NA,4.696632643,3.515976212,0.296813518,-0.648657924,oat,8,A,245,8,1596.71,937.32,charred,41.29679153,16.29495691
45,OAT2308D,45,505.9324945,181129,64.04208791,-27.7434147,0.087383107,94.20112315,NA,4.008558432,3.890333754,0.394190151,-0.63419,oat,8,D,230,5,1496.39,876,charred,41.4591116,18.63906202
43,OAT2308A,43,506.6602261,181129,60.31669358,-27.09284209,0.084785273,113.1197169,NA,4.854923472,4.064795575,0.392987378,-0.627447514,oat,8,A,230,5,1496.39,876,charred,41.4591116,14.49445625
44,OAT2308B,44,483.2681411,181129,64.43575215,-27.01612796,0.08448371,117.305307,NA,5.43080125,3.883854844,0.394236658,-0.634440393,oat,8,B,230,5,1496.39,876,charred,41.4591116,13.84234862
111,C5LEN230-8C,29,385.7891142,131026,57.58046481,-26.43101627,0.075582129,95.65981332,130927,6.293408771,0.736716543,0.319998334,0,LE,8,C,230,5,1.53211,0.88232,charred,42.41144565,10.67421669
109,C5LEN230-8A,20,380.1905319,131016,59.40477061,-25.92530558,0.047355097,101.3681349,130927,6.180983835,0.586863457,0.320791017,0,LE,8,A,230,5,1.53211,0.88232,charred,42.41144565,11.21270781
110,C5LEN230-8B,60,360.3071176,131016,59.06674059,-26.21819937,0.047681018,103.6042085,130927,6.641295417,0.468614798,0.321420119,0,LE,8,B,230,5,1.53211,0.88232,charred,42.41144565,10.37616806
92,C5EIN230-8B,17,382.36,131017,60.69206349,-27.0793781,0.050676286,87.93413283,130927,2.940940897,1.375875354,0.316675454,0,EI,8,B,230,5,1.75721,1.0048,charred,42.81844515,24.07644692
93,C5EIN230-8C,43,416.6922885,131022,61.27827772,-27.29436122,0.05070692,95.93806707,130927,3.045652923,1.412966031,0.316485555,0,EI,8,C,230,5,1.75721,1.0048,charred,42.81844515,23.47323409
91,C5EIN230-8A,25,409.57,131017,61.12985075,-27.44271817,0.051296793,101.9451778,130930,3.226113222,2.236198185,0.319992347,0,EI,8,A,230,5,1.75721,1.0048,charred,42.81844515,22.10652705
33,C4EIN215-24C,29,375.2468169,131025,60.52368015,-27.32964916,0.0760576,88.84516976,130910,3.173041777,1.244814714,0.21180805,0,EI,24,C,215,3,1.7714,1.01271,charred,42.829965,22.25339757
32,C4EIN215-24B,45,438.1313201,131022,67.40481848,-27.20189194,0.05054889,98.1074232,130903,3.27024744,1.383052791,0.193388516,0,EI,24,B,215,3,1.7714,1.01271,charred,42.829965,24.04679044
31,C4EIN215-24A,33,423.0172602,131022,60.43103717,-27.0693225,0.050325493,99.1922465,130910,3.262902845,1.445447858,0.211181321,0,EI,24,A,215,3,1.7714,1.01271,charred,42.829965,21.60740912
154,SPT2308D,154,551.228322,181129,66.42397373,-27.05814892,0.08464885,77.78618934,NA,3.086805467,6.264426256,0.38627826,-0.542437633,spelt,8,D,230,5,2658.01,1510.65,charred,43.16612804,25.10512465
153,SPT2308B,153,554.0478415,181129,65.182099,-27.23191527,0.085334596,86.47088855,NA,3.155871845,6.076366757,0.38622731,-0.549705632,spelt,8,B,230,5,2658.01,1510.65,charred,43.16612804,24.09660021
152,SPT2308A,152,465.5876908,181206,60.46593387,-27.35374105,0.078097672,96.7494151,NA,3.55696379,6.340695774,0.386331719,-0.539490018,spelt,8,A,230,5,2658.01,1510.65,charred,43.16612804,19.83252956
118,C5NB230-8A,28,394.9274991,131016,57.23586943,-28.00574311,0.050196641,63.98598993,130819,2.161688849,2.900052296,0.315008326,0,NB,8,A,230,5,2.20995,1.25212,charred,43.34170456,30.89028333
119,C5NB230-8B,27,404.4421365,131025,59.47678478,-27.87916741,0.077425284,64.97815003,130903,2.256185765,6.860790433,0.179023113,0,NB,8,B,230,5,2.20995,1.25212,charred,43.34170456,30.75526108
120,C5NB230-8C,29,415.8164589,131022,61.14947925,-28.03262368,0.052031562,67.07251877,130926,2.258333965,5.959847072,0.22059836,0,NB,8,C,230,5,2.20995,1.25212,charred,43.34170456,31.59012804
8,C10HBH245-4B,50,407.9547377,131120,61.81132389,-26.45731145,0.071643943,76.76156387,131121,2.567276384,1.593145288,0.295282947,0,HBH,4,B,245,H7,2.58,1.46,charred,43.41085271,28.08938362
9,C10HBH245-4C,32,413.3199129,131130,60.78234013,-26.70470946,0.055740416,78.21562627,131128,2.59852579,0.745573184,0.177352158,0,HBH,4,C,245,H7,2.58,1.46,charred,43.41085271,27.28960029
7,C10HBH245-4A,57,356.6836166,131204,59.44726943,-26.45308489,0.075937255,78.38549243,131121,2.52043384,0.618547597,0.298019,0,HBH,4,A,245,H7,2.58,1.46,charred,43.41085271,27.51714668
59,OAT2604B,59,577.2839707,181213,69.55228563,-27.63139453,0.101466257,80.85950107,NA,4.104543202,3.516111312,0.481198215,-0.513471215,oat,4,B,260,10,1576.138,891.37,charred,43.44594192,19.76939436
60,OAT2604C,60,478.8726525,181213,59.12008056,-27.51580267,0.101209728,83.18460938,NA,4.159230469,3.136952488,0.488505286,-0.52507086,oat,4,C,260,10,1576.138,891.37,charred,43.44594192,16.58321842
58,OAT2604A,58,576.267277,181213,73.88042013,-27.30035912,0.100738607,94.94098638,NA,4.794999312,4.390417761,0.465141377,-0.48672347,oat,4,A,260,10,1576.138,891.37,charred,43.44594192,17.9757739
40,C4EM215-24A,68,391.0240645,131025,60.15754838,-25.2939445,0.071763506,87.98155213,130902,3.023421035,1.056349218,0.331362402,0,EM,24,A,215,3,2.42423,1.37076,charred,43.45586021,23.21337506
41,C4EM215-24B,60,434.6389395,131016,62.99115065,-25.38183383,0.046819029,89.10355812,130903,3.000119802,1.280905027,0.193700732,0,EM,24,B,215,3,2.42423,1.37076,charred,43.45586021,24.49558038
42,C4EM215-24C,23,384.9372667,131016,62.08665592,-25.41751051,0.046851435,94.98780795,130819,3.025089425,1.962077516,0.321298878,0,EM,24,C,215,3,2.42423,1.37076,charred,43.45586021,23.9445589
37,OAT23024A,37,544.2381866,181129,64.02802195,-26.90178962,0.084036186,85.73852883,NA,3.827612894,4.434064377,0.390759536,-0.613176256,oat,24,A,230,6,1461.53,824.42,charred,43.59198922,19.51591266
39,OAT23024C,39,502.4273956,181129,61.27163361,-27.28926628,0.085562099,93.04640682,NA,4.117097647,3.620487613,0.396237736,-0.644618836,oat,24,C,230,6,1461.53,824.42,charred,43.59198922,17.36261286
38,OAT23024B,38,529.4623618,181129,67.02055213,-26.97893577,0.084337882,99.91814255,NA,4.251835853,3.837546562,0.394572883,-0.636230084,oat,24,B,230,6,1461.53,824.42,charred,43.59198922,18.38985484
102,C5EM230-8C,55,385.8084926,131026,60.28257697,-25.26729022,0.071959543,80.66736636,130902,2.593805992,1.484147863,0.325583943,0,EM,8,C,230,5,2.29969,1.29155,charred,43.83808252,27.11446937
101,C5EM230-8B,30,374.7185486,131023,57.64900748,-25.30582681,0.082219411,85.62610264,130819,2.993919673,1.708493316,0.323151303,0,EM,8,B,230,5,2.29969,1.29155,charred,43.83808252,22.46458915
100,C5EM230-8A,34,406.89,131017,62.59846154,-25.41406941,0.04812402,90.13718498,130902,3.097497766,1.840670948,0.320794449,0,EM,8,A,230,5,2.29969,1.29155,charred,43.83808252,23.57759197
235,C8HBH215-24A,56,426.6600306,131120,60.95143294,-26.38483588,0.071512292,79.24667161,131121,2.476458488,0.414570175,0.298639471,0,HBH,24,A,215,H3,2.53,1.42,charred,43.87351779,28.71439414
236,C8HBH215-24B,45,373.9198868,131130,57.52613643,-26.50128306,0.05540982,80.03544897,131128,2.573487105,-0.064726963,0.179055862,0,HBH,24,B,215,H3,2.53,1.42,charred,43.87351779,26.0789439
237,C8HBH215-24C,61,380.7769376,131120,60.44078375,-26.11709175,0.07103195,105.069808,131121,3.304082013,0.34119989,0.298866652,0,HBH,24,C,215,H3,2.53,1.42,charred,43.87351779,21.34155491
101,RYE2308A,101,500.9762476,181129,61.84891946,-25.22253447,0.077755818,44.7071087,NA,2.235355435,2.128869892,0.354338963,-0.702265898,rye,8,A,230,5,1378.23,772.26,charred,43.96726236,32.2799102
102,RYE2308B,102,454.7561659,181129,60.63415545,-25.36956087,0.078282105,43.36279126,NA,2.168139563,3.149222278,0.343841647,-0.66283199,rye,8,B,230,5,1378.23,772.26,charred,43.96726236,32.62698086
103,RYE2308C,103,429.2905864,181129,50.50477487,-24.6333366,0.075697119,48.53170072,NA,2.463538108,3.066605494,0.344655518,-0.666024909,rye,8,C,230,5,1378.23,772.26,charred,43.96726236,23.91772921
162,C6LEN245-4C,58,391.61,131017,58.44925373,-25.72694559,0.048564981,92.27528329,130926,6.031064267,0.692912878,0.218073968,0,LE,4,C,245,7,1.49022,0.83068,charred,44.25789481,11.30659416
161,C6LEN245-4B,28,389.8426161,131021,59.97578709,-26.48031595,0.051653063,96.09101642,130926,6.199420414,1.126150322,0.217378357,0,LE,4,B,245,7,1.49022,0.83068,charred,44.25789481,11.2868215
160,C6LEN245-4A,26,416.6560039,131022,60.3849281,-26.57974336,0.049533571,97.14070998,130926,6.071294374,1.124238656,0.217381074,0,LE,4,A,245,7,1.49022,0.83068,charred,44.25789481,11.60363482
69,C4PEA215-24C,58,388.7780035,131016,59.81200054,-27.81557415,0.049888245,81.22890878,130910,5.076806799,1.319832676,0.211570485,0,PE,24,C,215,3,5.46016,3.03592,charred,44.39869894,13.7449917
67,C4PEA215-24A,36,394.7610765,131026,61.6814182,-27.95860759,0.080792767,92.41939555,130903,5.70490096,1.273337286,0.193723922,0,PE,24,A,215,3,5.46016,3.03592,charred,44.39869894,12.61400594
68,C4PEA215-24B,36,376.1545766,131026,58.77415259,-27.46168322,0.079046249,96.53651153,130927,5.886372654,0.82078977,0.319555854,0,PE,24,B,215,3,5.46016,3.03592,charred,44.39869894,11.6489133
143,C6EIN245-4B,57,410.6773468,131023,65.18688044,-27.37661704,0.085522209,95.61742098,130930,3.074515144,1.094490365,0.329433595,0,EI,4,B,245,7,1.7547,0.96856,charred,44.80196045,24.73605006
144,C6EIN245-4C,61,401.73,131017,65.85737705,-26.94817196,0.050457543,95.96250064,130930,3.252966123,1.296550174,0.327726401,0,EI,4,C,245,7,1.7547,0.96856,charred,44.80196045,23.61955325
142,C6EIN245-4A,59,400.1715882,131022,61.56485972,-27.46211831,0.050998186,97.99228171,130927,3.212861695,2.293945911,0.312071912,0,EI,4,A,245,7,1.7547,0.96856,charred,44.80196045,22.35566809
127,C5PEA230-8A,54,422.1172766,131025,61.1764169,-27.92265519,0.077537004,77.154133,130902,4.977686,2.711593216,0.309201984,0,PE,8,A,230,5,6.10898,3.36757,charred,44.87508553,14.33848708
129,C5PEA230-8C,28,415.9151445,131025,61.16399184,-27.4779349,0.076418508,92.75670927,130902,5.908070654,0.919799261,0.333213795,0,PE,8,C,230,5,6.10898,3.36757,charred,44.87508553,12.078053
128,C5PEA230-8B,37,365.509696,131022,58.95317677,-27.72128312,0.051459533,97.95854491,130903,5.865781132,1.454049308,0.193172395,0,PE,8,B,230,5,6.10898,3.36757,charred,44.87508553,11.72541298
255,C9HBH230-8C,18,423.7634305,131130,61.41498993,-26.07740189,0.054753482,65.28104939,131128,2.220443857,0.638868462,0.177567797,0,HBH,8,C,230,H5,2.56,1.4,charred,45.3125,32.2686932
254,C9HBH230-8B,21,387.0279399,131130,64.50465665,-26.27217121,0.055049537,66.24672295,131128,2.193600098,1.312692,0.176251122,0,HBH,8,B,230,H5,2.56,1.4,charred,45.3125,34.30681501
253,C9HBH230-8A,53,413.5353223,131130,68.92255372,-26.50181901,0.055410678,82.32593112,131128,2.647136049,0.848410865,0.177146861,0,HBH,8,A,230,H5,2.56,1.4,charred,45.3125,30.37609119
82,C5BW230-8A,53,390.73,131017,61.0515625,-27.21058423,0.050897879,66.61020226,130819,2.235241687,2.921088521,0.314877642,0,BW,8,A,230,5,2.8869,1.5755,charred,45.42588936,31.86537874
84,C5BW230-8C,27,397.340754,131022,61.12934677,-26.8085438,0.049897105,68.55224885,130927,2.413811579,1.589111039,0.315588164,0,BW,8,C,230,5,2.8869,1.5755,charred,45.42588936,29.54562479
83,C5BW230-8B,32,368.57,131017,61.42833333,-26.93807918,0.050440835,76.27523645,130927,2.559571693,2.781729833,0.309709912,0,BW,8,B,230,5,2.8869,1.5755,charred,45.42588936,27.99936766
86,C5EIN230-24B,43,448.88,131017,65.05507246,-27.15002755,0.050795254,94.03573479,130930,3.113766053,1.268224562,0.327964806,0,EI,24,B,230,6,1.80015,0.97472,charred,45.85340111,24.37485131
87,C5EIN230-24C,22,401.5604374,131022,64.76781248,-27.16513764,0.050486579,96.56349204,130903,3.31833306,1.728151467,0.192344818,0,EI,24,C,230,6,1.80015,0.97472,charred,45.85340111,22.77120667
85,C5EIN230-24A,63,463.8763358,131021,73.63116441,-26.80518296,0.052195648,99.86280571,130819,3.242298887,2.364788366,0.318488287,0,EI,24,A,230,6,1.80015,0.97472,charred,45.85340111,26.49448066
61,OAT2608A,61,520.5538113,181213,64.26590263,-27.40749407,0.100971739,105.3453602,NA,4.724007184,4.185119289,0.468808269,-0.493004186,oat,8,A,260,11,1575.41,852.33,charred,45.89789325,15.87145901
62,OAT2608B,62,551.3455461,181213,64.86418189,-27.3343309,0.100812285,107.1563536,NA,5.127098258,3.794921244,0.475954618,-0.504941555,oat,8,B,260,11,1575.41,852.33,charred,45.89789325,14.75978713
63,OAT2608C,63,609.2330212,181213,73.40156882,-26.8501743,0.099784106,110.4979208,NA,5.286981856,4.347070519,0.465910155,-0.488049596,oat,8,C,260,11,1575.41,852.33,charred,45.89789325,16.19736287
152,C6EM245-4B,20,400.4359167,131026,61.60552565,-25.08330916,0.071417813,86.99927988,130902,3.074179501,1.212491586,0.329249446,0,EM,4,B,245,7,2.09324,1.13212,charred,45.91542298,23.37960852
153,C6EM245-4C,61,401.6865637,131026,62.76352558,-25.47462956,0.072580598,87.34050341,130902,3.053863756,0.980712431,0.332387505,0,EM,4,C,245,7,2.09324,1.13212,charred,45.91542298,23.9775311
151,C6EM245-4A,50,411.8463859,131022,60.56564499,-25.37015276,0.047813552,93.3484011,130903,2.935484311,1.647543338,0.192587063,0,EM,4,A,245,7,2.09324,1.13212,charred,45.91542298,24.07095786
11,C10HBH245-8B,60,411.1990305,131120,61.37298963,-26.75941684,0.072200061,73.75384999,131121,2.534496563,0.480251084,0.298437891,0,HBH,8,B,245,H8,2.5,1.35,charred,46,28.25090484
10,C10HBH245-8A,16,374.9259239,131130,62.48765398,-26.60562225,0.05557814,74.90844654,131128,2.637621357,0.924866476,0.176995844,0,HBH,8,A,245,H8,2.5,1.35,charred,46,27.63939668
12,C10HBH245-8C,53,397.5154979,131120,62.11179655,-26.48498785,0.071694398,77.94645418,131121,2.598215139,0.754481277,0.297614627,0,HBH,8,C,245,H8,2.5,1.35,charred,46,27.88982388
60,C4NB215-24C,47,419.7504485,131026,59.96434979,-27.93957414,0.080725015,62.98288696,130903,2.135013117,3.98672634,0.185955138,0,NB,24,C,215,3,2.32178,1.2505,charred,46.1404612,32.76720294
59,C4NB215-24B,67,426.096428,131022,60.87091829,-27.6169133,0.051272099,63.68141505,130903,2.218864636,6.068406591,0.18079206,0,NB,24,B,215,3,2.32178,1.2505,charred,46.1404612,32.00558979
58,C4NB215-24A,66,454.8585996,131022,65.92153617,-27.5854678,0.051216059,66.08346015,130903,2.3187179,8.995705174,0.174830329,0,NB,24,A,215,3,2.32178,1.2505,charred,46.1404612,33.16852769
104,C5LEN230-24B,25,382.6065723,131022,59.78227692,-26.22008391,0.048986042,101.8487005,130926,6.487178376,0.912980081,0.217700633,0,LE,24,B,230,6,1.56617,0.8429,charred,46.18081051,10.75135994
105,C5LEN230-24C,66,394.264776,131026,59.73708727,-25.97540924,0.074125032,109.275599,130926,6.787304286,1.539435825,0.216864512,0,LE,24,C,230,6,1.56617,0.8429,charred,46.18081051,10.26818094
103,C5LEN230-24A,50,380.3,131017,58.50769231,-25.53518277,0.048292498,109.4387825,130926,6.632653485,0.997870926,0.217567642,0,LE,24,A,230,6,1.56617,0.8429,charred,46.18081051,10.2913524
22,C4BW215-24A,35,415.4427953,131021,61.09452872,-27.33004235,0.05310143,64.63481879,130930,2.15449396,2.240941231,0.319954189,0,BW,24,A,215,3,3.65364,1.9661,charred,46.18791123,33.08291947
23,C4BW215-24B,51,408.6310783,131021,61.91379974,-27.12387037,0.052741418,66.91369564,130930,2.389774844,2.838512937,0.31522032,0,BW,24,B,215,3,3.65364,1.9661,charred,46.18791123,30.22576229
24,C4BW215-24C,66,380.9324176,131026,62.44793731,-27.18561568,0.078096715,69.51060325,130927,2.348331191,1.872385383,0.314160521,0,BW,24,C,215,3,3.65364,1.9661,charred,46.18791123,31.02455358
107,RYE2454A,107,525.926117,181206,61.87366082,-25.5344956,0.072547847,24.30804054,NA,1.221509575,2.825177856,0.300168439,-0.675355445,rye,4,A,245,7,1254.2,674.38,charred,46.23026631,59.09567891
108,RYE2454B,108,500.2878245,181206,60.27564151,-25.45739584,0.072324769,40.78668549,NA,2.091624897,3.481062769,0.296964916,-0.650007236,rye,4,B,245,7,1254.2,674.38,charred,46.23026631,33.62055111
109,RYE2454C,109,492.5964346,181206,61.57455433,-25.46532232,0.072347654,40.39940729,NA,1.970702795,2.498831955,0.302012357,-0.687967847,rye,4,C,245,7,1254.2,674.38,charred,46.23026631,36.45246774
164,C6LEN245-8B,49,410.3007251,131016,63.12318848,-26.15040691,0.047603315,101.5461353,130930,6.15431123,0.763228326,0.332264914,0,LE,8,B,245,8,1.31942,0.7092,charred,46.24910946,11.96620014
165,C6LEN245-8C,32,386.8358044,131016,60.44309444,-26.34929111,0.047835106,107.1490617,130930,6.655221224,1.398235551,0.326873042,0,LE,8,C,245,8,1.31942,0.7092,charred,46.24910946,10.59573245
163,C6LEN245-8A,50,370.8061301,131022,60.78789018,-26.08874905,0.048793557,113.772591,130927,6.692505353,0.857194766,0.319364756,0,LE,8,A,245,8,1.31942,0.7092,charred,46.24910946,10.59680964
171,C6NB245-4C,63,401.0924701,131026,61.70653386,-27.99247579,0.080913489,58.36023502,130902,2.040567658,1.787833492,0.321502711,0,NB,4,C,245,7,2.04438,1.09452,charred,46.46200804,35.27986729
169,C6NB245-4A,23,403.25,131017,60.18656716,-28.04828497,0.052377402,64.02395981,130902,2.058648225,5.808441439,0.269476985,0,NB,4,A,245,7,2.04438,1.09452,charred,46.46200804,34.10862566
170,C6NB245-4B,21,383.0734303,131021,61.78603715,-28.01851944,0.054341532,65.10819823,130910,2.163063064,4.152106122,0.205519818,0,NB,4,B,245,7,2.04438,1.09452,charred,46.46200804,33.32483051
146,C6EIN245-8B,19,420.1626564,131025,61.78862594,-27.22782268,0.075813333,96.14104876,130902,3.152165533,1.091060832,0.330892297,0,EI,8,B,245,8,1.77484,0.94561,charred,46.7213946,22.86895454
147,C6EIN245-8C,27,408.2761391,131023,64.80573637,-27.14169983,0.085097601,97.7401952,130926,3.302033622,2.211746991,0.216343596,0,EI,8,C,245,8,1.77484,0.94561,charred,46.7213946,22.89700866
145,C6EIN245-8A,18,407.2244114,131025,59.88594285,-27.27981596,0.075937692,99.11715749,130903,3.33727803,1.943876257,0.191701183,0,EI,8,A,245,8,1.77484,0.94561,charred,46.7213946,20.93530497
163,SPT2458C,163,588.9176014,181206,69.28442369,-27.38320238,0.078191724,74.4049356,NA,3.2349972,6.165344353,0.291194834,-0.546266885,spelt,8,C,245,8,2737.37,1456.61,charred,46.78797532,24.98667623
161,SPT2458A,161,510.1183673,181206,65.39979068,-27.3901103,0.078213795,76.36806659,NA,3.394136293,6.486461734,0.291317419,-0.533856551,spelt,8,A,245,8,2737.37,1456.61,charred,46.78797532,22.47987388
162,SPT2458B,162,519.671568,181206,68.37783789,-26.97415835,0.076897106,77.34373262,NA,3.291222665,5.733763927,0.291305943,-0.562946322,spelt,8,B,245,8,2737.37,1456.61,charred,46.78797532,24.2384525
168,SPT2604B,168,526.287193,181213,69.24831487,-27.17877756,0.100476804,69.02475654,NA,3.400234312,5.624678509,0.4445464,-0.448963605,spelt,4,B,260,10,2683.39,1418.53,charred,47.13664432,23.76003924
167,SPT2604A,167,606.4214622,181213,75.80268278,-26.98981645,0.1000758,69.7814953,NA,3.524317944,5.359808554,0.448747172,-0.457066798,spelt,4,A,260,10,2683.39,1418.53,charred,47.13664432,25.09321368
169,SPT2604C,169,517.3087491,181213,63.08643282,-27.30885284,0.100757007,76.01216625,NA,3.535092772,5.679566764,0.443727934,-0.447284402,spelt,4,C,260,10,2683.39,1418.53,charred,47.13664432,20.82005849
46,OAT24524A,46,504.005355,181206,60.72353675,-27.59379698,0.078867587,94.43687026,NA,4.215931708,3.816282799,0.295592317,-0.637051872,oat,24,A,245,9,1515.03,799.83,charred,47.206986,16.80390744
47,OAT24524B,47,507.4222933,181206,68.57058018,-27.33233609,0.078029416,99.9364886,NA,3.997459544,3.587161657,0.296510892,-0.645906795,oat,24,B,245,9,1515.03,799.83,charred,47.206986,20.01246275
48,OAT24524C,48,494.6983091,181206,61.83514136,-27.49445258,0.078547988,107.4068737,NA,4.445100188,3.600200218,0.296456345,-0.64540289,oat,24,C,245,9,1515.03,799.83,charred,47.206986,16.22933009
179,C6PEA245-4B,34,354.64,131017,61.14482759,-27.92717161,0.052156771,80.98907645,131027,4.999325707,0.524132468,0.415240392,0,PE,4,B,245,7,6.47363,3.41681,charred,47.21956615,14.26905074
180,C6PEA245-4C,51,543.7185351,131023,79.9586081,-27.74297692,0.086208658,90.72124609,130910,5.778423318,1.376645633,0.211393133,0,PE,4,C,245,7,6.47363,3.41681,charred,47.21956615,16.14368447
178,C6PEA245-4A,26,469.6218921,131022,69.06204296,-27.56493012,0.051179567,103.7638102,130903,6.103753541,0.839019206,0.195068408,0,PE,4,A,245,7,6.47363,3.41681,charred,47.21956615,13.20046475
134,C6BW245-4B,29,461.32,131017,72.08125,-27.10965644,0.050727172,69.6271115,130903,2.368269099,2.260606919,0.19076861,0,BW,4,B,245,7,3.77888,1.96678,charred,47.95336184,35.50896801
135,C6BW245-4C,19,390.8809704,131026,61.07515163,-26.98195188,0.077406128,72.71960576,130903,2.432093838,1.78252543,0.192181947,0,BW,4,C,245,7,3.77888,1.96678,charred,47.95336184,29.29753057
133,C6BW245-4A,20,419.6209459,131016,63.5789312,-26.84319334,0.048460248,78.1430837,131027,2.741862586,1.544482048,0.409010319,0,BW,4,A,245,7,3.77888,1.96678,charred,47.95336184,27.05293114
156,C6EM245-8C,62,410.8718536,131016,59.54664545,-25.67534937,0.047097328,92.15284768,130902,3.051418797,1.098975867,0.330785133,0,EM,8,C,245,8,2.17178,1.12741,charred,48.08820415,22.76681471
154,C6EM245-8A,18,398.0768134,131021,64.20593765,-25.31594662,0.049829351,96.99050516,130819,3.356072843,2.341518075,0.31864625,0,EM,8,A,245,8,2.17178,1.12741,charred,48.08820415,22.31981568
155,C6EM245-8B,46,388.1041162,131026,61.60382797,-25.86998489,0.073794807,99.47473929,130819,3.147934788,1.913147513,0.321651389,0,EM,8,B,245,8,2.17178,1.12741,charred,48.08820415,22.83120124
198,C7EIN260-4C,48,413.5067061,131021,62.65253123,-27.226952,0.052920745,88.66899621,131027,2.869546803,0.897645294,0.412865248,0,EI,4,C,260,10,1.78012,0.91968,charred,48.33606723,25.47253096
196,C7EIN260-4A,58,444.7984793,131021,63.5426399,-27.14400011,0.052776331,99.18818793,130903,3.396855751,1.693647632,0.192448394,0,EI,4,A,260,10,1.78012,0.91968,charred,48.33606723,21.82402943
197,C7EIN260-4B,27,428.6983241,131021,63.98482449,-27.08150349,0.052668106,103.620651,130902,3.635812316,1.293479586,0.328155237,0,EI,4,B,260,10,1.78012,0.91968,charred,48.33606723,20.53157738
148,SPT23024C,148,491.0667917,181129,62.11653212,-27.12164728,0.084898867,108.7898016,NA,4.124146464,6.398875889,0.386409459,-0.537241511,spelt,24,C,230,6,2790.49,1439.43,charred,48.41658633,17.57194807
147,SPT23024B,147,459.1943856,181129,61.22591808,-26.82533426,0.083738249,118.1851678,NA,4.510884267,6.498329301,0.386504529,-0.533397901,spelt,24,B,230,6,2790.49,1439.43,charred,48.41658633,15.83508544
146,SPT23024A,146,437.7500353,181129,57.59868886,-27.2077939,0.085239079,126.3569273,NA,4.822783485,6.337145385,0.386328778,-0.539627232,spelt,24,A,230,6,2790.49,1439.43,charred,48.41658633,13.93354492
214,C7LEN260-4A,41,411.8726245,131025,63.36501915,-25.75878113,0.072630007,102.3917606,130927,6.480491177,1.143234307,0.317873921,0,LE,4,A,260,10,1.73374,0.89385,charred,48.44382664,11.40744639
215,C7LEN260-4B,67,392.8957604,131021,63.37028394,-26.18353738,0.051169912,104.959421,130926,6.728168013,1.200030267,0.217275734,0,LE,4,B,260,10,1.73374,0.89385,charred,48.44382664,10.98842921
216,C7LEN260-4C,16,400.2082933,131026,61.57050666,-25.89241718,0.073864849,108.9276545,130927,6.60167603,1.594012996,0.315563295,0,LE,4,C,260,10,1.73374,0.89385,charred,48.44382664,10.88091228
95,C5EM230-24B,54,414.3829058,131025,61.8481949,-25.24826731,0.07168221,90.79741296,130903,2.976964359,1.022936431,0.194495822,0,EM,24,B,230,6,2.24282,1.15585,charred,48.46443317,24.23818987
96,C5EM230-24C,31,399.2983696,131025,63.38069359,-25.20713696,0.071609604,92.34334994,130902,3.228788459,1.105745881,0.33069348,0,EM,24,C,230,6,2.24282,1.15585,charred,48.46443317,22.90151351
94,C5EM230-24A,19,435.0472538,131021,64.93242594,-25.22420755,0.049694106,95.85107306,130819,3.423252609,2.436758371,0.318003227,0,EM,24,A,230,6,2.24282,1.15585,charred,48.46443317,22.12939142
244,C9HBA230-24A,33,422.8008438,131130,62.17659468,-28.45842832,0.058981415,67.8866764,131128,2.398822488,0.790747564,0.177261669,0,HBA,24,A,230,A1,2.06,1.06,charred,48.54368932,30.23956997
246,C9HBA230-24C,48,419.9001331,131130,63.62123229,-28.79844813,0.059685096,70.81780117,131128,2.484835129,1.043791014,0.176763684,0,HBA,24,C,230,A1,2.06,1.06,charred,48.54368932,29.87110499
245,C9HBA230-24B,65,436.7680591,131120,63.29971871,-28.31026175,0.075232441,77.69797797,131121,2.514497669,0.739612642,0.297658501,0,HBA,24,B,230,A1,2.06,1.06,charred,48.54368932,29.36955271
110,RYE2458B,110,485.5155105,181206,65.61020412,-25.28037739,0.071816637,42.74562963,NA,2.12664824,2.416067045,0.302505894,-0.691166491,rye,8,B,245,8,1050.01,536.86,charred,48.87096313,35.99337055
111,RYE2458C,111,455.1543625,181206,57.50119231,-25.7986652,0.073320358,41.91713913,NA,2.09517257,3.01132723,0.299191321,-0.668161267,rye,8,C,245,8,1050.01,536.86,charred,48.87096313,32.01871069
112,RYE2458D,112,541.1457572,181206,63.66420673,-24.75367416,0.070339151,49.39457235,NA,2.507338698,4.370018917,0.2937257,-0.615651443,rye,8,D,245,8,1050.01,536.86,charred,48.87096313,29.62300542
199,C7EIN260-8A,53,437.6483023,131016,64.36004446,-27.2954329,0.049092724,48.19035781,130903,3.089125501,0.95912175,0.194693958,0,EI,8,A,260,11,1.76344,0.89756,charred,49.10175566,24.30678796
200,C7EIN260-8B,26,454.3867794,131023,65.85315643,-27.22988715,0.085255557,108.7419452,130902,3.530582636,1.179107693,0.329700835,0,EI,8,B,260,11,1.76344,0.89756,charred,49.10175566,21.7609076
201,C7EIN260-8C,21,400.1193477,131022,65.59333569,-27.23600186,0.050606974,109.3802278,130902,3.494575968,1.134065714,0.330310175,0,EI,8,C,260,11,1.76344,0.89756,charred,49.10175566,21.89838166
160,SPT2454D,160,521.6947805,181206,63.22570964,-27.03180052,0.077078244,67.51396905,NA,3.027284647,5.648791934,0.291395538,-0.566230264,spelt,4,D,245,7,2923.83,1487.87,charred,49.11229449,24.36616854
159,SPT2454C,159,520.4593597,181206,62.70594695,-27.38033832,0.078182576,69.1264844,NA,3.142112927,5.938547333,0.291213784,-0.555031987,spelt,4,C,245,7,2923.83,1487.87,charred,49.11229449,23.28272083
158,SPT2454B,158,533.79813,181206,64.31302771,-27.33942483,0.078052013,72.40095844,NA,3.447664688,5.868949321,0.291237119,-0.557721766,spelt,4,B,245,7,2923.83,1487.87,charred,49.11229449,21.76309835
170,SPT2608A,170,501.6386648,181213,64.31264933,-26.88089305,0.099847933,90.69762794,NA,3.892602058,5.712114308,0.443187219,-0.446288672,spelt,8,A,260,11,2583.47,1313.97,charred,49.13933585,19.27539037
171,SPT2608B,171,456.985779,181213,58.58792038,-27.11775971,0.100346529,92.46958753,NA,3.918202861,6.178362473,0.43617684,-0.432024694,spelt,8,B,260,11,2583.47,1313.97,charred,49.13933585,17.44487873
172,SPT2608C,172,548.514395,181213,64.53110529,-27.60057162,0.101397598,93.28495237,NA,4.091445279,5.776510397,0.442195055,-0.444318596,spelt,8,C,260,11,2583.47,1313.97,charred,49.13933585,18.40090344
18,C11HBH260-4C,26,399.4015214,131130,60.51538203,-26.81740081,0.055927821,71.83169113,131128,2.370682876,1.500444325,0.175903478,0,HBH,4,C,260,H10,2.48,1.26,charred,49.19354839,29.78098832
17,C11HBH260-4B,29,430.1926321,131130,66.18348186,-26.28104116,0.055063244,74.18734474,131128,2.593963103,0.754946357,0.177333343,0,HBH,4,B,260,H10,2.48,1.26,charred,49.19354839,29.76683134
16,C11HBH260-4A,60,391.6923349,131130,62.17338649,-26.20156543,0.054941119,78.41499013,131128,2.605149174,0.420052995,0.178018315,0,HBH,4,A,260,H10,2.48,1.26,charred,49.19354839,27.8431724
172,C6NB245-8A,18,392.2237491,131026,62.25773795,-28.21647412,0.081717164,61.79026304,130902,2.183401521,4.159453496,0.290308706,0,NB,8,A,245,8,2.14522,1.08909,charred,49.23178042,33.26645462
173,C6NB245-8B,46,437.8729312,131022,62.55327589,-27.99822259,0.051967419,66.43058488,130903,2.267255457,3.117742838,0.188320598,0,NB,8,B,245,8,2.14522,1.08909,charred,49.23178042,32.18817785
174,C6NB245-8C,35,420.6055869,131021,60.95733143,-28.08711587,0.054468184,67.38654257,130902,2.231342469,4.890577189,0.280973291,0,NB,8,C,245,8,2.14522,1.08909,charred,49.23178042,31.87179362
122,C5PEA230-24B,38,389.5402481,131025,61.83178541,-27.86964971,0.0774009,96.76226547,130902,6.283263992,1.649423707,0.323360608,0,PE,24,B,230,6,5.77127,2.92179,charred,49.37353477,11.48082956
121,C5PEA230-24A,31,407.21368,131023,63.6271375,-27.56720345,0.085875656,102.4660211,130903,6.247928116,0.982752093,0.194620522,0,PE,24,A,230,6,5.77127,2.92179,charred,49.37353477,11.88100424
123,C5PEA230-24C,39,423.9601498,131026,62.34708085,-27.67979709,0.079807059,105.5025412,130903,6.355574771,2.260011439,0.19077035,0,PE,24,C,230,6,5.77127,2.92179,charred,49.37353477,11.44479667
55,OAT26024A,55,530.6039007,181213,70.74718676,-27.93118843,0.102143646,87.11125213,NA,4.270159418,3.176361346,0.48773658,-0.523865221,oat,24,A,260,12,1517.84,760.86,charred,49.87218679,19.32911081
56,OAT26024B,56,521.1697672,181213,69.48930229,-27.07430341,0.100254205,95.24084786,NA,4.556978367,4.367479322,0.465547831,-0.487425227,oat,24,B,260,12,1517.84,760.86,charred,49.87218679,17.79048443
57,OAT26024C,57,519.7728903,181213,62.75332315,-27.35118449,0.100849162,95.40869655,NA,4.259614926,4.021034891,0.471808026,-0.498024037,oat,24,C,260,12,1517.84,760.86,charred,49.87218679,17.1875185
117,RYE2604B,117,395.2781847,181213,53.41597091,-25.83872024,0.097792557,46.05978075,NA,2.214412536,1.693472036,0.518033659,-0.569231404,rye,4,B,260,10,1266.09,632.93,charred,50.00908308,28.14228682
118,RYE2604C,118,494.6844447,181213,65.95792596,-25.14128578,0.096548034,46.69480643,NA,2.334740322,3.419736543,0.483036566,-0.516419619,rye,4,C,260,10,1266.09,632.93,charred,50.00908308,32.95908882
116,RYE2604A,116,507.6163977,181213,65.07902535,-25.2481884,0.096731768,51.71756502,NA,2.611998233,3.961282011,0.472879891,-0.499852063,rye,4,A,260,10,1266.09,632.93,charred,50.00908308,29.06798657
183,C6PEA245-8C,32,456.520032,131023,67.13529882,-27.54899253,0.085841539,96.81469007,130926,6.369387505,1.458102708,0.216954025,0,PE,8,C,245,8,6.15518,3.07307,charred,50.07343408,12.29702467
181,C6PEA245-8A,52,422.4838788,131022,61.22954765,-27.68417456,0.051392639,98.19625363,130910,5.776250214,1.326015374,0.211551077,0,PE,8,A,245,8,6.15518,3.07307,charred,50.07343408,12.3669283
182,C6PEA245-8B,27,415.3285213,131023,65.92516211,-27.76599985,0.08625277,103.2357097,131027,6.412155882,0.809813884,0.413414052,0,PE,8,B,245,8,6.15518,3.07307,charred,50.07343408,11.99482523
207,C7EM260-4C,20,405.5716664,131025,60.53308454,-25.59582724,0.072318193,92.40819469,130819,3.164664202,1.995840075,0.32105702,0,EM,4,C,260,10,2.15689,1.0765,charred,50.09017613,22.31577427
206,C7EM260-4B,22,399.5992445,131026,60.54534008,-25.36119155,0.072239442,96.54399081,130819,3.196820888,2.973414786,0.314554593,0,EM,4,B,260,10,2.15689,1.0765,charred,50.09017613,22.09577345
205,C7EM260-4A,50,423.7310044,131021,64.20166733,-25.35534085,0.049887818,103.1514493,130902,3.253988937,1.700466512,0.322675021,0,EM,4,A,260,10,2.15689,1.0765,charred,50.09017613,23.01850027
77,C5BW230-24B,39,398.9998949,131021,63.33331665,-27.04824013,0.052610709,61.31096734,130819,1.946379916,2.628053339,0.31673971,0,BW,24,B,230,6,2.97155,1.4828,charred,50.1001161,37.96220298
76,C5BW230-24A,44,397.8453868,131016,62.16334169,-26.84558207,0.04846344,75.75333847,130910,2.559234408,2.142659264,0.20922032,0,BW,24,A,230,6,2.97155,1.4828,charred,50.1001161,28.33812269
78,C5BW230-24C,28,377.5581557,131021,61.89477962,-27.08380372,0.052672081,78.85559681,130930,2.479735749,2.0592606,0.321422259,0,BW,24,C,230,6,2.97155,1.4828,charred,50.1001161,29.12027068
219,C7LEN260-8C,68,429.4752665,131016,63.15812743,-26.39457989,0.047889507,102.3126576,130819,6.516729783,1.607426977,0.323907081,0,LE,8,C,260,11,1.49895,0.74778,charred,50.11307916,11.30697212
218,C7LEN260-8B,27,413.140055,131016,61.66269478,-26.75425906,0.048342551,115.2542075,130819,7.532954739,1.591167367,0.324029594,0,LE,8,B,260,11,1.49895,0.74778,charred,50.11307916,9.550012322
217,C7LEN260-8A,69,416.67,131017,60.38695652,-25.95907953,0.048904069,115.8408622,130903,7.285588818,1.595974268,0.192742534,0,LE,8,A,260,11,1.49895,0.74778,charred,50.11307916,9.669973291
224,C7NB260-4B,69,424.3221086,131025,62.40031009,-27.9221218,0.077535631,56.71815148,130902,2.018439554,3.117032422,0.303861077,0,NB,4,B,260,10,2.08956,1.04204,charred,50.13112808,36.06764523
223,C7NB260-4A,44,418.1278572,131025,62.40714287,-28.017176,0.077781553,66.38175293,130902,2.242626788,4.356145996,0.287782691,0,NB,4,A,260,10,2.08956,1.04204,charred,50.13112808,32.46564864
225,C7NB260-4C,35,394.3935009,131025,60.67592322,-27.73410093,0.077056254,67.6276892,130926,2.300261537,3.203819231,0.216291964,0,NB,4,C,260,10,2.08956,1.04204,charred,50.13112808,30.77414282
137,C6BW245-8B,33,415.59,131017,62.02835821,-27.01882142,0.050574971,49.59077258,131027,1.758538035,0.915550057,0.41275411,0,BW,8,B,245,8,2.86262,1.4259,charred,50.18898771,41.15146587
136,C6BW245-8A,16,444.09,131017,64.36086957,-26.76650192,0.050159439,73.96899587,131027,2.433190654,2.192106403,0.405486708,0,BW,8,A,245,8,2.86262,1.4259,charred,50.18898771,30.85976064
138,C6BW245-8C,19,427.0437127,131023,62.80054599,-27.1525461,0.085116934,75.86109834,130930,2.447132205,1.729394886,0.324121146,0,BW,8,C,245,8,2.86262,1.4259,charred,50.18898771,29.94006761
140,C6EIN245-24B,52,389.1110685,131016,58.9562225,-27.45956195,0.049336028,95.5333351,130902,3.317129691,0.857059163,0.334065548,0,EI,24,B,245,9,1.777018,0.88503,charred,50.19577742,20.73547494
139,C6EIN245-24A,42,412.3166711,131016,62.47222289,-27.15495607,0.04889025,101.0029496,130819,3.543963144,2.194115938,0.31965957,0,EI,24,A,245,9,1.777018,0.88503,charred,50.19577742,20.56575
141,C6EIN245-24C,59,431.7666711,131025,61.68095301,-27.25339911,0.075874412,112.596433,130930,3.529668746,1.208662458,0.328467093,0,EI,24,C,245,9,1.777018,0.88503,charred,50.19577742,20.38749725
94,RYE23024A,94,525.5487295,181129,66.52515563,-25.28189959,0.077967731,62.49378818,NA,3.109143691,2.838876244,0.346932516,-0.674826038,rye,24,A,230,6,1317.36,655.14,charred,50.26871926,24.96271942
95,RYE23024B,95,513.8001941,181129,61.16668977,-25.13976381,0.077461694,82.83163863,NA,4.226104012,3.076307313,0.344559605,-0.665649959,rye,24,B,230,6,1317.36,655.14,charred,50.26871926,16.88579786
96,RYE23024C,96,498.1245345,181129,59.30053982,-25.05685436,0.077168657,112.0705467,NA,5.548046866,3.188880777,0.343453294,-0.661299294,rye,24,C,230,6,1317.36,655.14,charred,50.26871926,12.46996732
208,C7EM260-8A,29,447.6431705,131023,64.87582181,-25.98160157,0.083185632,100.843483,130819,3.350281827,2.08882879,0.320396748,0,EM,8,A,260,11,2.0826,1.03435,charred,50.33371747,22.5916692
210,C7EM260-8C,61,422.9966548,131025,65.07640843,-25.68086013,0.072479831,104.6737359,130926,3.365714981,1.597373381,0.216804226,0,EM,8,C,260,11,2.0826,1.03435,charred,50.33371747,22.55760721
209,C7EM260-8B,63,447.29,131017,63.89857143,-25.79759505,0.048667119,104.8834962,130903,3.298223151,1.604722484,0.192716133,0,EM,8,B,260,11,2.0826,1.03435,charred,50.33371747,22.60257415
114,C5NB230-24C,48,381.1909826,131021,59.56109103,-27.73219845,0.053818861,67.67137181,130927,2.190012033,4.875487988,0.300269589,0,NB,24,C,230,6,2.15194,1.06689,charred,50.42194485,31.72947842
113,C5NB230-24B,40,406.7241319,131023,61.62486847,-27.92921054,0.086568745,68.10510288,130910,2.189874691,3.80682391,0.205944723,0,NB,24,B,230,6,2.15194,1.06689,charred,50.42194485,32.83095612
112,C5NB230-24A,68,374.2748525,131025,58.4804457,-27.88586986,0.07744247,70.09975858,130927,2.232476388,1.526771539,0.315904917,0,NB,24,A,230,6,2.15194,1.06689,charred,50.42194485,30.56121311
227,C7NB260-8B,61,427.68,131017,66.825,-28.06847053,0.052414389,59.13608543,130910,2.112003051,5.856674347,0.204733391,0,NB,8,B,260,11,2.19667,1.06534,charred,51.50204628,36.91400917
226,C7NB260-8A,21,398.9815028,131025,63.33039727,-28.14500225,0.078115992,66.90008939,130926,2.222594332,3.20828397,0.216293667,0,NB,8,A,260,11,2.19667,1.06534,charred,51.50204628,33.24289207
228,C7NB260-8C,42,419.6066134,131026,62.62785275,-28.01450098,0.08099211,68.90261259,130926,2.244384775,3.110457342,0.216260329,0,NB,8,C,260,11,2.19667,1.06534,charred,51.50204628,32.55494736
257,C9PBA230-24B,19,434.0514796,131130,62.90601154,-28.60901795,0.059290238,74.84839419,131128,2.368620069,1.287375603,0.176298644,0,PBA,24,B,230,P1,1.9,0.92,charred,51.57894737,30.98443171
258,C9PBA230-24C,57,383.5795029,131130,62.88188572,-28.37882931,0.058820019,83.56598333,131128,2.704400755,1.085367207,0.176683311,0,PBA,24,C,230,P1,1.9,0.92,charred,51.57894737,27.12697069
256,C9PBA230-24A,64,424.9741675,131120,62.4962011,-28.49220556,0.075606656,84.7472931,131121,2.665009217,0.74981557,0.297628385,0,PBA,24,A,230,P1,1.9,0.92,charred,51.57894737,27.35909285
19,C11HBH260-8A,33,437.3070098,131130,66.25863785,-26.39489721,0.055240923,67.8029941,131206,2.267658666,0.207039298,0.88198626,0,HBH,8,A,260,H11,2.52,1.22,charred,51.58730159,34.08879181
21,C11HBH260-8C,29,417.4111386,131130,67.32437719,-26.03858133,0.054695612,73.87297291,131206,2.446124931,0.200800156,0.881883367,0,HBH,8,C,260,H11,2.52,1.22,charred,51.58730159,32.11001439
20,C11HBH260-8B,68,410.2196863,131130,64.09682598,-26.55732825,0.055499904,82.0664845,131128,2.69070441,1.074367658,0.176704535,0,HBH,8,B,260,H11,2.52,1.22,charred,51.58730159,27.79184144
231,C7PEA260-4A,28,393.1034939,131023,65.51724898,-27.9741364,0.086656719,94.23372214,131027,5.926649191,1.35721705,0.410092263,0,PE,4,A,260,11,4.12726,1.98933,charred,51.80022582,12.89713429
232,C7PEA260-4B,18,430.3799823,131023,61.48285461,-27.99249308,0.086692789,104.5687857,131027,6.494955634,2.082448339,0.406059307,0,PE,4,B,260,11,4.12726,1.98933,charred,51.80022582,11.04395489
189,C7BW260-4C,59,417.1690786,131022,63.20743615,-26.86723661,0.049992228,67.84062887,130910,2.284196258,2.205114531,0.209061311,0,BW,4,C,260,10,3.00901,1.44732,charred,51.90045895,32.28356958
187,C7BW260-4A,45,417.4645804,131022,63.25220915,-26.95485947,0.050135641,76.33648028,130926,2.502835419,2.403792112,0.216266782,0,BW,4,A,260,10,3.00901,1.44732,charred,51.90045895,29.48425751
188,C7BW260-4B,28,442.6210262,131022,63.23157517,-26.88345166,0.050018641,80.04499724,130910,2.659302234,2.272568986,0.208892683,0,BW,4,B,260,10,3.00901,1.44732,charred,51.90045895,27.74042382
159,C6LEN245-24C,59,435.81,131017,62.25857143,-25.91870841,0.048844378,115.7416692,130902,7.372080841,1.26035047,0.328602691,0,LE,24,C,245,9,1.5564,0.74733,charred,51.98342328,9.852713443
157,C6LEN245-24A,42,376.4568151,131016,62.74280252,-26.41585103,0.047915264,125.136084,130910,7.493178683,1.78752873,0.21017676,0,LE,24,A,245,9,1.5564,0.74733,charred,51.98342328,9.768876383
158,C6LEN245-24B,21,472.1797971,131023,70.47459658,-26.05723522,0.083300667,142.0979374,131027,8.993540342,1.307336851,0.410385165,0,LE,24,B,245,9,1.5564,0.74733,charred,51.98342328,9.142157544
67,OAT3004A,67,542.5461121,181219,71.38764633,-27.53520028,0.074841504,132.0802644,NA,5.41312559,3.051411455,0.263335242,-0.666612117,oat,4,A,300,13,1705.54,816.05,charred,52.15298381,15.38585906
68,OAT3004B,68,644.0902738,181219,83.64808751,-26.72777031,0.072736981,138.5801692,NA,5.679515131,3.45673429,0.260483437,-0.650947467,oat,4,B,300,13,1705.54,816.05,charred,52.15298381,17.18270542
69,OAT3004C,69,535.2817134,181219,72.33536668,-27.17922006,0.073897104,144.8368077,NA,5.613829756,3.456514433,0.260484934,-0.650955964,oat,4,C,300,13,1705.54,816.05,charred,52.15298381,15.03274321
4,C10HBH245-24A,41,405.6487365,131130,62.40749792,-26.42329666,0.055285739,76.91560028,131128,2.581060412,0.686938906,0.177470322,0,HBH,24,A,245,H9,2.49,1.19,charred,52.20883534,28.20885061
5,C10HBH245-24B,26,433.8266605,131130,62.87342906,-26.50762835,0.055419981,78.60591034,131206,2.655605079,1.161685397,0.901021706,0,HBH,24,B,245,H9,2.49,1.19,charred,52.20883534,27.62170267
6,C10HBH245-24C,56,381.0650463,131130,62.46967972,-26.4164749,0.055274956,91.18968017,131128,2.989825579,0.418416646,0.178021726,0,HBH,24,C,245,H9,2.49,1.19,charred,52.20883534,24.37643638
156,SPT24524B,156,512.1524368,181206,65.66056882,-26.93532781,0.076775486,78.03202648,NA,3.302177889,4.407768633,0.319552981,-0.614192517,spelt,24,B,245,9,2587.1,1234.58,charred,52.27938619,23.1980225
157,SPT24524C,157,507.3602333,181206,61.12773895,-26.70698718,0.076064914,94.80296679,NA,3.792118672,5.965861387,0.291206874,-0.553976372,spelt,24,C,245,9,2587.1,1234.58,charred,52.27938619,18.80629316
155,SPT24524A,155,542.9840133,181206,66.2175626,-27.09452535,0.077275529,99.32226047,NA,4.087335822,5.885012969,0.291231003,-0.557100948,spelt,24,A,245,9,2587.1,1234.58,charred,52.27938619,18.90077703
194,C7EIN260-24B,43,536.9901198,131023,77.82465504,-27.25087057,0.085293397,88.97558072,131027,3.078739817,0.497942663,0.415410963,0,EI,24,B,260,12,1.86801,0.89049,charred,52.32948432,29.49110229
195,C7EIN260-24C,41,463.6500507,131016,70.25000768,-27.21602425,0.048977612,108.8609689,131027,3.466909838,0.796410467,0.413498328,0,EI,24,C,260,12,1.86801,0.89049,charred,52.32948432,23.64017126
193,C7EIN260-24A,47,416.5384869,131021,65.08413858,-27.10627916,0.05271095,110.9997039,130819,3.775500133,2.079657757,0.320461485,0,EI,24,A,260,12,1.86801,0.89049,charred,52.32948432,20.11163881
249,C9HBH230-24C,36,403.8516514,131130,59.38994874,-26.28612418,0.055071108,82.12461768,131128,2.851549225,1.635797045,0.175658113,0,HBH,24,C,230,H6,2.57,1.22,charred,52.52918288,24.29846657
247,C9HBH230-24A,61,420.3056388,131130,61.80965276,-26.53415871,0.05546257,83.02233108,131128,2.730997733,1.547377306,0.175817899,0,HBH,24,A,230,H6,2.57,1.22,charred,52.52918288,26.40473139
248,C9HBH230-24B,65,377.7317015,131130,61.92322975,-26.36828794,0.055199112,85.20879151,131128,2.812171337,0.60741008,0.17763188,0,HBH,24,B,230,H6,2.57,1.22,charred,52.52918288,25.68967513
191,C7BW260-8B,20,428.9975123,131023,67.0308613,-26.93892333,0.084741029,78.36862874,130910,2.480019897,2.201121494,0.209071395,0,BW,8,B,260,11,3.50419,1.6579,charred,52.68806771,31.5330823
192,C7BW260-8C,49,442.4175805,131022,67.03296674,-26.81042557,0.049900143,79.38847414,130926,2.691134717,2.02357161,0.216449933,0,BW,8,C,260,11,3.50419,1.6579,charred,52.68806771,29.06027981
190,C7BW260-8A,28,449.5960829,131022,66.11707101,-26.96609439,0.050154151,79.88714428,130903,2.536099818,2.087487773,0.191276496,0,BW,8,A,260,11,3.50419,1.6579,charred,52.68806771,30.41543645
149,C6EM245-24B,42,430.4080883,131025,64.24001318,-25.08820562,0.071402864,96.51085119,130902,3.398269408,1.636327759,0.323536588,0,EM,24,B,245,9,2.62841,1.24193,charred,52.74976126,22.0543674
148,C6EM245-24A,43,420.2880273,131026,60.9113083,-25.42105179,0.072419058,107.3842306,130910,3.532376007,2.248405085,0.208952718,0,EM,24,A,245,9,2.62841,1.24193,charred,52.74976126,20.11767515
150,C6EM245-24C,31,417.7745891,131022,63.29918017,-25.17351818,0.047567592,111.4563719,130819,3.515973877,2.808862206,0.315580194,0,EM,24,C,245,9,2.62841,1.24193,charred,52.74976126,21.00386582
121,RYE2608C,121,512.0205945,181213,67.37113086,-25.20256698,0.096653044,59.3355258,NA,2.830085551,3.720546397,0.477356167,-0.507216912,rye,8,C,260,11,1160.39,544.6,charred,53.06750317,27.77288928
119,RYE2608A,119,542.7638701,181213,67.0078852,-25.48053009,0.097139924,59.49373278,NA,2.930725753,3.917893924,0.473677848,-0.50117944,rye,8,A,260,11,1160.39,544.6,charred,53.06750317,26.67457574
120,RYE2608B,120,461.1371544,181213,57.6421443,-25.21277265,0.096670614,64.55140484,NA,2.920878047,2.750688314,0.496149629,-0.536887879,rye,8,B,260,11,1160.39,544.6,charred,53.06750317,23.02361388
212,C7LEN260-24B,40,370.1211731,131023,64.93353914,-26.64711265,0.08424431,111.9835314,131027,7.1784315,0.898044221,0.412862769,0,LE,24,B,260,12,1.50684,0.70436,charred,53.25582013,10.55325187
213,C7LEN260-24C,60,395.5828368,131022,60.85889797,-26.13469333,0.048860434,124.9533746,130926,7.437700869,1.472215302,0.216938084,0,LE,24,C,260,12,1.50684,0.70436,charred,53.25582013,9.546235978
211,C7LEN260-24A,36,388.061095,131026,63.61657295,-26.07883452,0.074451567,127.6740014,130926,7.510235376,1.285734854,0.217162549,0,LE,24,A,260,12,1.50684,0.70436,charred,53.25582013,9.882424636
234,C7PEA260-8B,35,434.5756098,131026,62.08222997,-27.56844983,0.079417515,96.7816478,130903,6.243977277,1.746890401,0.192288639,0,PE,8,B,260,12,4.1148,1.92322,charred,53.26091183,11.59986097
233,C7PEA260-8A,25,433.3262766,131016,72.2210461,-28.23189715,0.050575261,114.1221671,130910,7.315523532,2.689877655,0.207921682,0,PE,8,A,260,12,4.1148,1.92322,charred,53.26091183,11.51768383
203,C7EM260-24B,50,414.1073447,131016,66.79150721,-25.48358394,0.046912493,78.08550489,130910,2.638023814,2.295045751,0.208837212,0,EM,24,B,260,12,2.12219,0.987,charred,53.49144045,29.53856014
204,C7EM260-24C,36,429.0147324,131023,69.19592458,-25.47606195,0.082452267,83.62235217,131027,2.863779184,0.227148795,0.417205264,0,EM,24,C,260,12,2.12219,0.987,charred,53.49144045,28.18952632
202,C7EM260-24A,16,439.6421176,131022,65.61822651,-25.81855888,0.048410395,102.7623695,130910,3.631179134,1.736526836,0.210321378,0,EM,24,A,260,12,2.12219,0.987,charred,53.49144045,21.08257256
165,SPT26024B,165,530.2173524,181213,63.88160872,-26.95857757,0.100010202,77.45046397,NA,3.872523199,5.867750296,0.44080229,-0.441527285,spelt,24,B,260,12,2762.57,1279.25,charred,53.69348107,19.24547374
166,SPT26024C,166,420.139384,181213,54.38008128,-27.3937978,0.100942237,89.95967581,NA,3.89435826,5.933226766,0.439812256,-0.439524156,spelt,24,C,260,12,2762.57,1279.25,charred,53.69348107,16.2911124
164,SPT26024A,164,484.7342171,181213,57.70645442,-27.68845057,0.101593839,98.02995157,NA,4.18931417,5.866163134,0.440826387,-0.441575841,spelt,24,A,260,12,2762.57,1279.25,charred,53.69348107,16.07045786
175,C6PEA245-24A,64,402.175504,131026,62.8399225,-27.27356284,0.078397552,106.427584,130910,6.372909222,2.077247132,0.209389817,0,PE,24,A,245,9,6.14764,2.82293,charred,54.08107827,11.50388941
177,C6PEA245-24C,62,423.883966,131023,65.21291785,-27.47570638,0.085704977,108.2084464,130903,6.679533728,2.650999623,0.189639775,0,PE,24,C,245,9,6.14764,2.82293,charred,54.08107827,11.39027671
176,C6PEA245-24B,32,430.15,131017,61.45,-27.66475933,0.051686412,109.8895566,130910,6.783305963,1.640996923,0.210597131,0,PE,24,B,245,9,6.14764,2.82293,charred,54.08107827,10.56883871
130,C6BW245-24A,36,445.100966,131016,64.50738638,-26.90799413,0.048547404,71.66677852,130819,2.523478117,2.576581899,0.317075985,0,BW,24,A,245,9,3.23623,1.47959,charred,54.2804436,29.82336836
132,C6BW245-24C,37,397.7433195,131021,62.14739367,-27.06026058,0.052631434,72.37443388,130927,2.575602629,2.326375239,0.311913045,0,BW,24,C,245,9,3.23623,1.47959,charred,54.2804436,28.15080704
131,C6BW245-24B,58,422.7008348,131026,62.16188747,-26.56656905,0.076024769,78.43172513,130930,2.676850687,1.566792971,0.325467104,0,BW,24,B,245,9,3.23623,1.47959,charred,54.2804436,27.09235984
71,OAT3008B,71,554.2948253,181219,67.59692991,-27.45669418,0.074631044,115.7790587,NA,4.864666332,3.153536442,0.262599581,-0.662665259,oat,8,B,300,14,1543.28,702.77,charred,54.46257322,16.21140681
72,OAT3008C,72,570.3912204,181219,67.90371671,-26.55818472,0.072312413,118.4994697,NA,4.647038027,3.717656677,0.258745194,-0.64086351,oat,8,C,300,14,1543.28,702.77,charred,54.46257322,17.04763386
70,OAT3008A,70,557.7889537,181219,65.62222985,-27.17232781,0.073879073,141.3641105,NA,5.314440244,3.856816907,0.257850029,-0.635485337,oat,8,A,300,14,1543.28,702.77,charred,54.46257322,14.405895
220,C7NB260-24A,37,435.4527369,131016,65.97768741,-27.94196665,0.050092189,72.03996406,130910,2.47560014,2.493550562,0.20836296,0,NB,24,A,260,12,2.06038,0.92322,charred,55.19176074,31.09305393
222,C7NB260-24C,66,463.6320149,131023,67.19304564,-27.82341379,0.086363272,72.63327612,130910,2.381418889,2.459953633,0.208441247,0,NB,24,C,260,12,2.06038,0.92322,charred,55.19176074,32.9181426
221,C7NB260-24B,44,456.6469991,131022,65.23528559,-27.72076293,0.051458594,76.77679971,130903,2.684503486,3.410659013,0.187509935,0,NB,24,B,260,12,2.06038,0.92322,charred,55.19176074,28.35080437
168,C6NB245-24C,53,407.9014917,131022,64.74626852,-27.93980606,0.051859029,67.90806575,130926,2.382739149,6.390222989,0.221845541,0,NB,24,C,245,9,1.99298,0.89301,charred,55.19222471,31.70188113
167,C6NB245-24B,53,377.3963849,131021,59.90418808,-27.89798157,0.054120311,72.66034195,130910,2.514198683,4.847707803,0.204934558,0,NB,24,B,245,9,1.99298,0.89301,charred,55.19222471,27.7974131
166,C6NB245-24A,17,414.3884082,131026,62.78612245,-28.09035946,0.081263568,77.71220263,130910,2.54794107,4.399784797,0.205269823,0,NB,24,A,245,9,1.99298,0.89301,charred,55.19222471,28.74888947
8,BAR3004B,8,517.6096531,181219,61.6201968,-26.29364108,0.071662737,74.86936592,NA,3.043470159,-0.094995435,0.291101851,-0.788212384,Barley,4,B,300,13,2609.94,1148.74,charred,55.98596136,23.62113832
9,BAR3004C,9,523.0388313,181219,68.82089886,-25.9721023,0.070894345,77.66013845,NA,3.118881062,0.625101948,0.283942022,-0.760382533,Barley,4,C,300,13,2609.94,1148.74,charred,55.98596136,25.74354298
7,BAR3004A,7,557.8865174,181219,68.03494115,-26.27388776,0.071614853,80.4188386,NA,3.093032254,0.066546783,0.28945809,-0.781969207,Barley,4,A,300,13,2609.94,1148.74,charred,55.98596136,25.66222771
176,SPT3004A,176,572.9214479,181219,69.02668047,-26.883885,0.0731333,92.72971606,NA,3.636459453,4.766863142,0.252561007,-0.600314468,spelt,4,A,300,13,2845.63,1250.25,charred,56.06421074,22.14547646
177,SPT3004B,177,513.4017713,181219,65.82073991,-26.65933641,0.072564901,103.1550021,NA,4.02949227,5.639290016,0.248450566,-0.566597487,spelt,4,B,300,13,2845.63,1250.25,charred,56.06421074,19.05720574
178,SPT3004C,178,532.2768053,181219,64.12973558,-26.90939209,0.073198547,118.4306267,NA,4.486008587,5.705383701,0.248178875,-0.564043142,spelt,4,C,300,13,2845.63,1250.25,charred,56.06421074,16.67808329
75,RC2017RYE24524C,75,388.5637809,190308,61.67679062,-26.94620696,0.074856042,34.38880684,NA,1.728080746,0.16296592,0.454500102,-0.778242863,rye,24,C,245,NA,NA,NA,charred,56.07575878,41.63940597
74,RC2017RYE24524B,74,365.2700782,190308,56.19539665,-27.51340851,0.075838301,38.23479569,NA,1.865111985,0.226534982,0.453418059,-0.775786087,rye,24,B,245,NA,NA,NA,charred,56.07575878,35.15139928
73,RC2017RYE24524A,73,421.6908169,190308,68.01464789,-26.90635973,0.0747933,37.66839849,NA,1.768469413,0.695731441,0.445555925,-0.757652891,rye,24,A,245,NA,NA,NA,charred,56.07575878,44.86954762
104,RYE24524A,104,459.3469926,185661.5,63.2907136,-27.17783384,0.178751319,37.89419535,NA,1.923563216,1.308683848,0.310086553,-0.733963909,rye,24,A,245,9,1261.9,554.28,charred,56.07575878,38.38665933
106,RYE24524C,106,455.9351503,185661.5,62.35396993,-26.86815438,0.175693111,42.72913584,NA,2.04445626,1.36868151,0.309630397,-0.731645159,rye,24,C,245,9,1261.9,554.28,charred,56.07575878,35.58222285
105,RYE24524B,105,420.3848845,185661.5,59.98452464,-26.37415715,0.171342434,47.85173311,NA,2.357228232,1.579568221,0.308067554,-0.723494948,rye,24,B,245,9,1261.9,554.28,charred,56.07575878,29.68823488
76,RC2018RYE24524A,76,393.7791295,190308,62.50462373,-25.60483189,0.07321347,NA,NA,NA,NA,NA,#VALUE!,rye,24,A,245,NA,NA,NA,charred,56.07575878,NA
77,RC2018RYE24524B,77,403.9360616,190308,65.15097768,-25.50083525,0.073127482,NA,NA,NA,NA,NA,#VALUE!,rye,24,B,245,NA,NA,NA,charred,56.07575878,NA
78,RC2018RYE24524C,78,445.5614493,190308,68.98942389,-26.0779021,0.073681823,NA,NA,NA,NA,NA,#VALUE!,rye,24,C,245,NA,NA,NA,charred,56.07575878,NA
185,C7BW260-24B,65,396.9957963,131016,62.03059317,-26.84368141,0.0484609,80.60821679,130910,2.732481925,2.536901471,0.208263139,0,BW,24,B,260,12,3.46028,1.50016,charred,56.64628296,26.48472244
186,C7BW260-24C,33,442.2329828,131023,68.03584351,-26.95836215,0.084774808,82.13284853,130927,2.728666064,2.186853453,0.312598383,0,BW,24,C,260,12,3.46028,1.50016,charred,56.64628296,29.08936048
184,C7BW260-24A,36,393.64,131017,64.53114754,-26.90780084,0.050390816,87.27205161,130910,2.918797713,2.631763214,0.208049415,0,BW,24,A,260,12,3.46028,1.50016,charred,56.64628296,25.79361306
230,C7PEA260-24B,20,403.7096506,131021,64.08089692,-27.76028837,0.053869707,102.8616517,130926,6.428853231,3.111638636,0.216260682,0,PE,24,B,260,13,4.078,1.76786,charred,56.64884747,11.62898634
229,C7PEA260-24A,24,438.15,131017,66.38636364,-27.45281095,0.051314334,107.42632,130910,6.842440764,2.507831192,0.208329928,0,PE,24,A,260,13,4.078,1.76786,charred,56.64884747,11.31917107
13,C11HBH260-24A,38,437.7124507,131130,66.32006829,-26.44895258,0.055326395,64.7331484,131206,2.239901329,-0.059222289,0.877849781,0,HBH,24,A,260,H12,2.5,1.08,charred,56.8,34.54322385
15,C11HBH260-24C,66,413.6002591,131130,61.73138196,-26.33396817,0.055145442,88.64054041,131128,3.077796542,1.509581444,0.175886776,0,HBH,24,C,260,H12,2.5,1.08,charred,56.8,23.39983967
14,C11HBH260-24B,43,401.9084265,131130,64.82393976,-26.16658571,0.054887867,93.40521487,131128,2.984192168,0.482867949,0.177887845,0,HBH,24,B,260,H12,2.5,1.08,charred,56.8,25.3428484
12,BAR3008C,12,496.8567804,181219,65.37589216,-26.39047774,0.071898746,64.31482865,NA,2.690997015,0.223526944,0.287881278,-0.77590234,Barley,8,C,300,14,2489.91,1052.1,charred,57.74546068,28.34335147
11,BAR3008B,11,435.7390028,181219,58.88364903,-26.09799097,0.071192364,72.36851737,NA,3.002843044,1.19120688,0.27862847,-0.738504082,Barley,8,B,300,14,2489.91,1052.1,charred,57.74546068,22.87751625
10,BAR3008A,10,530.8560261,181219,68.05846488,-26.63105792,0.07249409,75.96959267,NA,2.967562214,0.135809711,0.288759853,-0.779292378,Barley,8,A,300,14,2489.91,1052.1,charred,57.74546068,26.75648787
179,SPT3008A,179,476.9699537,181219,61.14999406,-26.73262471,0.072749226,92.30083133,NA,3.87818619,5.50851291,0.249004852,-0.571651675,spelt,8,A,300,14,2674.97,1121.49,charred,58.07467,18.39562523
180,SPT3008B,180,544.9146947,181219,72.65529263,-27.08649672,0.073655345,104.3208101,NA,4.091012161,5.342132886,0.249741908,-0.578081821,spelt,8,B,300,14,2674.97,1121.49,charred,58.07467,20.71969105
181,SPT3008C,181,524.4784882,181219,67.24083182,-27.70146405,0.075291235,125.4911767,NA,5.039806293,6.058027339,0.246825906,-0.550414403,spelt,8,C,300,14,2674.97,1121.49,charred,58.07467,15.56560561
66,OAT30024C,66,518.8489131,181219,65.1402899,-27.62780925,0.075091447,106.8508901,NA,4.558705861,4.296840125,0.255177281,-0.618479609,oat,24,C,300,15,1461.56,609.78,charred,58.27882536,16.67074104
64,OAT30024A,64,434.9196478,181219,54.36495598,-27.0213508,0.073486554,110.4194629,NA,4.347222949,4.512463728,0.253939007,-0.610146329,oat,24,A,300,15,1461.56,609.78,charred,58.27882536,14.5899538
65,OAT30024B,65,582.9171008,181219,68.57848245,-27.0918358,0.073669217,112.8649553,NA,4.374610671,3.175802449,0.262440706,-0.661804737,oat,24,B,300,15,1461.56,609.78,charred,58.27882536,18.28922287
114,RYE26024B,114,548.0041791,181213,65.23859275,-25.33882382,0.096889554,49.98395872,NA,2.38018851,2.294965222,0.505416153,-0.550829862,rye,24,B,260,12,1308.68,544.31,charred,58.40770853,31.97716954
113,RYE26024A,113,488.0075638,181213,65.06767517,-25.8023929,0.097725088,52.80759356,NA,2.422366677,2.945054605,0.492278333,-0.530941612,rye,24,A,260,12,1308.68,544.31,charred,58.40770853,31.33806637
115,RYE26024C,115,530.0501786,181213,66.05231986,-25.31927634,0.096855383,53.05884417,NA,2.575672047,4.075126532,0.470799569,-0.496369206,rye,24,C,260,12,1308.68,544.31,charred,58.40770853,29.91880893
20,FT3004B,20,610.7905244,181219,72.71315767,-26.57169562,0.072346009,75.77349837,NA,2.936957301,1.71370802,0.273985707,-0.718310802,Free-T wheat,4,B,300,13,2561.57,1056.42,charred,58.75888615,28.88432094
19,FT3004A,19,595.3394241,181219,70.03993225,-26.66783823,0.072586224,80.86621298,NA,3.098322336,1.888754611,0.272488779,-0.711545716,Free-T wheat,4,A,300,13,2561.57,1056.42,charred,58.75888615,26.37338708
21,FT3004C,21,505.5427787,181219,67.40570383,-26.96179696,0.073333027,81.37134569,NA,3.216258723,1.814336738,0.273121513,-0.714421769,Free-T wheat,4,C,300,13,2561.57,1056.42,charred,58.75888615,24.45076549
127,RYE3004C,127,537.3410537,181219,68.0178549,-25.36184695,0.069502753,51.945721,NA,2.677614485,2.338867007,0.268779293,-0.694150067,rye,4,C,300,13,1410.64,570.16,charred,59.58146657,29.63614236
125,RYE3004A,125,531.2546377,181219,66.40682971,-25.15640686,0.069054693,55.70202298,NA,2.61511845,2.82026767,0.265042155,-0.675545211,rye,4,A,300,13,1410.64,570.16,charred,59.58146657,29.62566941
126,RYE3004B,126,549.2071356,181219,70.41117123,-25.55107632,0.069924679,57.20996848,NA,2.711372914,2.236008058,0.269608962,-0.698125292,rye,4,B,300,13,1410.64,570.16,charred,59.58146657,30.29696359
22,FT3008A,22,562.4050536,181219,66.95298257,-26.75150999,0.072796911,58.62957201,NA,2.383315935,1.709536013,0.274021748,-0.718472039,Free-T wheat,8,A,300,14,2603.15,1038.03,charred,60.12408044,32.77442652
24,FT3008C,24,571.9640071,181219,67.28988319,-26.94110953,0.07327987,66.39686772,NA,2.732381388,1.392503472,0.276809342,-0.730724503,Free-T wheat,8,C,300,14,2603.15,1038.03,charred,60.12408044,28.73129794
23,FT3008B,23,525.2461246,181219,64.84520057,-27.15730519,0.073839805,67.25583081,NA,2.528414692,1.587885905,0.275080044,-0.723173491,Free-T wheat,8,B,300,14,2603.15,1038.03,charred,60.12408044,29.92101503
129,RYE3008B,129,576.8577125,181219,70.34850152,-25.23950914,0.069234669,50.40747755,NA,2.558755206,2.465726155,0.267770993,-0.689247299,rye,8,B,300,14,1251.59,478.18,charred,61.79419778,32.0754606
128,RYE3008A,128,541.2304014,181219,66.81856807,-25.60638329,0.070049643,52.31829062,NA,2.399921588,2.599132159,0.266728671,-0.684091511,rye,8,A,300,14,1251.59,478.18,charred,61.79419778,32.48230962
130,RYE3008C,130,575.7339709,181219,69.36553866,-25.25959927,0.069278438,63.55629452,NA,3.04097103,2.749317441,0.265577613,-0.678287249,rye,8,C,300,14,1251.59,478.18,charred,61.79419778,26.61204628
4,BAR30024A,4,535.6669034,181219,71.42225379,-26.366087,0.071839103,63.98862535,NA,2.688597704,0.484763025,0.285303022,-0.76580626,Barley,24,A,300,15,2433.51,905.46,charred,62.79201647,30.99235064
5,BAR30024B,5,552.8814803,181219,65.04488004,-26.30982967,0.071702045,75.50790971,NA,3.172601248,0.356865423,0.286558085,-0.770749162,Barley,24,B,300,15,2433.51,905.46,charred,62.79201647,23.91907695
6,BAR30024C,6,505.2710136,181219,66.48302811,-26.21690629,0.071477218,75.87090067,NA,3.284454574,0.481135938,0.285338422,-0.765946437,Barley,24,C,300,15,2433.51,905.46,charred,62.79201647,23.61534649
174,SPT30024B,174,500.7885797,181219,65.89323417,-26.99489435,0.073418259,137.8642635,NA,5.51457054,5.080651236,0.25097166,-0.588187392,spelt,24,B,300,15,2608.59,938.12,charred,64.03727684,13.94042189
175,SPT30024C,175,525.0892246,181219,65.60832587,-26.88176694,0.073128294,139.7648473,NA,5.635679325,5.530438053,0.248913774,-0.570804327,spelt,24,C,300,15,2608.59,938.12,charred,64.03727684,13.58186696
173,SPT30024A,173,503.8346376,181219,59.980314,-26.55416231,0.072302419,145.7835011,NA,5.522102314,5.410550416,0.249434518,-0.575437665,spelt,24,A,300,15,2608.59,938.12,charred,64.03727684,12.67217248
16,FT30024A,16,484.7511818,181219,60.59389773,-26.65137047,0.072544936,80.10643469,NA,3.624725552,1.652515132,0.274516028,-0.720675744,Free-T wheat,24,A,300,15,2695.86,947.61,charred,64.8494358,19.50296089
17,FT30024B,17,563.0733533,181219,69.5152288,-26.61025779,0.072442116,83.18966033,NA,3.249596107,1.518748761,0.275687825,-0.725845459,Free-T wheat,24,B,300,15,2695.86,947.61,charred,64.8494358,24.95728626
18,FT30024C,18,546.9854668,181219,65.90186347,-26.71045281,0.07269334,85.75166012,NA,3.603010929,1.805571906,0.273196393,-0.714760506,Free-T wheat,24,C,300,15,2695.86,947.61,charred,64.8494358,21.3392379
123,RYE30024B,123,571.4185083,181219,71.42731354,-25.25123952,0.069260213,101.7363148,NA,4.624377945,1.945258534,0.272011997,-0.709361989,rye,24,B,300,15,1278.56,408.5,charred,68.04999374,18.02012439
124,RYE30024C,124,541.6553926,181219,67.61696821,-25.10624532,0.068946918,101.7083955,NA,4.826937206,2.626437009,0.266518586,-0.683036251,rye,24,C,300,15,1278.56,408.5,charred,68.04999374,16.3429644
122,RYE30024A,122,578.4782027,181219,72.30977534,-25.489629,0.06978671,94.66291941,NA,4.188624753,3.767036978,0.258424989,-0.638955093,rye,24,A,300,15,1278.56,408.5,charred,68.04999374,20.14059734
81,RCSPARERYE24524C,81,406.4447914,190308,57.24574527,-25.65776175,0.073259561,56.39405925,NA,2.635236414,3.180616062,0.408004549,-0.661618703,rye,24,C,245,NA,NA,NA,charred,56.07575878,25.34372342
80,RCSPARERYE24524B,80,392.5792154,190308,63.31922829,-25.49496423,0.073122809,65.31408463,NA,3.080853049,3.935090368,0.398154257,-0.632460276,rye,24,B,245,NA,NA,NA,charred,56.07575878,23.97791516
79,RCSPARERYE24524A,79,457.9882744,190308,68.35645887,-25.12486514,0.072867464,58.05162252,NA,2.764362977,4.078342872,0.396375214,-0.626923947,rye,24,A,245,NA,NA,NA,charred,56.07575878,28.84903418