,ID,,,RunfileC,pcC,normd13C,d13Csd,RunfileN,pcN,normd15Nav,normd15N,d15Nsd,d15n28th,,normd15N1,Species,time,rep,temp,CharrNo,Freshwt,Charwt,char,pcwtloss,newCN,,,,
11,BAR3004B,#N/A,,181219,61.6201968,-26.29364108,0.071662737,NA,3.043470159,0.693216949,0.693216949,0.28506296,0.69,TRUE,0.69,Barley,4,B,300,13,2609.94,1148.74,charred,55.98596136,23.62113832,,,,
10,BAR3004A,#N/A,,181219,68.03494115,-26.27388776,0.071614853,NA,3.093032254,0.84851599,0.84851599,0.283431414,0.85,TRUE,0.85,Barley,4,A,300,13,2609.94,1148.74,charred,55.98596136,25.66222771,,,,
12,BAR3004C,#N/A,,181219,68.82089886,-25.9721023,0.070894345,NA,3.118881062,1.385484481,1.385484481,0.277953893,1.39,TRUE,1.39,Barley,4,C,300,13,2609.94,1148.74,charred,55.98596136,25.74354298,,,,
13,BAR3008A,#N/A,,181219,68.05846488,-26.63105792,0.07249409,NA,2.967562214,0.915102089,0.915102089,0.282738269,0.92,TRUE,0.92,Barley,8,A,300,14,2489.91,1052.1,charred,57.74546068,26.75648787,,,,
15,BAR3008C,#N/A,,181219,65.37589216,-26.39047774,0.071898746,NA,2.690997015,0.999429284,0.999429284,0.281866016,1,TRUE,1,Barley,8,C,300,14,2489.91,1052.1,charred,57.74546068,28.34335147,,,,
14,BAR3008B,#N/A,,181219,58.88364903,-26.09799097,0.071192364,NA,3.002843044,1.929710962,1.929710962,0.272673481,1.93,TRUE,1.93,Barley,8,B,300,14,2489.91,1052.1,charred,57.74546068,22.87751625,,,,
8,BAR30024B,#N/A,,181219,65.04488004,-26.30982967,0.071702045,NA,3.172601248,1.127614585,1.127614585,0.280552162,1.13,TRUE,1.13,Barley,24,B,300,15,2433.51,905.46,charred,62.79201647,23.91907695,,,,
7,BAR30024A,#N/A,,181219,71.42225379,-26.366087,0.071839103,NA,2.688597704,1.250569285,1.250569285,0.27930575,1.25,TRUE,1.25,Barley,24,A,300,15,2433.51,905.46,charred,62.79201647,30.99235064,,,,
9,BAR30024C,#N/A,,181219,66.48302811,-26.21690629,0.071477218,NA,3.284454574,1.247082375,1.247082375,0.279340909,1.25,TRUE,1.25,Barley,24,C,300,15,2433.51,905.46,charred,62.79201647,23.61534649,,,,
1,BAR0A,BAR0A,just 190405 ( not using 190332),190355,38.25139118,-26.35446794,0.068816365,190405,1.524968031,,1.324794426,0.42698354,1.32,TRUE,1.32,Barley,0,A,0,16,NA,NA,fresh,NA,28.45550329,,,,
2,BAR0B,#N/A,just 190405 ( not using 190332),190259.5,35.94597873,-26.24121092,0.164944051,190405,1.51398985,,0.380940451,0.444977912,0.38,TRUE,0.38,Barley,0,B,0,16,NA,NA,fresh,NA,24.33912246,,,,
3,BAR0D,#N/A,just 190405 ( not using 190332),190402,40.41861,-26.5273,0.064121,190405,1.413474176,,1.091286143,0.431327,1.09,not 1.37? - use BAR0D,1.09,Barley,0,C,0,16,NA,NA,fresh,NA,20.79006037,,,,
27,C4BW215-4C,#N/A,,131017,46.71774194,-27.28123369,0.051018366,130927,1.75061177,1.50883279,1.50883279,0.315996237,1.51,TRUE,1.51,BW,4,C,215,1,2.96379,2.21225,charred,25.35739712,31.13427729,,,,
26,C4BW215-4B,#N/A,,131021,44.80135169,-27.10278929,0.05270491,130819,1.570438856,1.654938613,1.654938613,0.323550554,1.65,TRUE,1.65,BW,4,B,215,1,2.96379,2.21225,charred,25.35739712,33.28257158,,,,
25,C4BW215-4A,#N/A,,131025,47.00391979,-27.1269706,0.075574297,130926,1.633471725,2.414820414,2.414820414,0.216263344,2.41,TRUE,2.41,BW,4,A,215,1,2.96379,2.21225,charred,25.35739712,33.57138393,,,,
30,C4BW215-8C,#N/A,,131021,53.77644513,-27.1425402,0.052773797,130930,1.825071225,1.577901676,1.577901676,0.325374827,1.58,TRUE,1.58,BW,8,C,215,2,2.39312,1.65225,charred,30.95833055,34.37629454,,,,
29,C4BW215-8B,#N/A,,131025,48.68956,-26.83692791,0.074903145,130927,1.773805516,2.102157916,2.102157916,0.313016742,2.1,TRUE,2.1,BW,8,B,215,2,2.39312,1.65225,charred,30.95833055,32.02407826,,,,
28,C4BW215-8A,#N/A,,131017,51.86984127,-27.26104813,0.050983858,130910,1.975433181,2.530379304,2.530379304,0.208278071,2.53,TRUE,2.53,BW,8,A,215,2,2.39312,1.65225,charred,30.95833055,30.63369362,,,,
24,C4BW215-24C,#N/A,,131026,62.44793731,-27.18561568,0.078096715,130927,2.348331191,1.872385383,1.872385383,0.314160521,1.87,TRUE,1.87,BW,24,C,215,3,3.65364,1.9661,charred,46.18791123,31.02455358,,,,
22,C4BW215-24A,#N/A,,131021,61.09452872,-27.33004235,0.05310143,130930,2.15449396,2.240941231,2.240941231,0.319954189,2.24,TRUE,2.24,BW,24,A,215,3,3.65364,1.9661,charred,46.18791123,33.08291947,,,,
23,C4BW215-24B,#N/A,,131021,61.91379974,-27.12387037,0.052741418,130930,2.389774844,2.838512937,2.838512937,0.31522032,2.84,TRUE,2.84,BW,24,B,215,3,3.65364,1.9661,charred,46.18791123,30.22576229,,,,
81,C5BW230-4C,#N/A,,131021,55.47205641,-26.89667434,0.052350982,130819,1.947917287,1.530061429,1.530061429,0.324492294,1.53,TRUE,1.53,BW,4,C,230,4,3.16556,1.95498,charred,38.24220675,33.22389486,,,,
80,C5BW230-4B,#N/A,,131016,57.86195407,-26.96919404,0.048630793,130927,1.878027193,1.676370501,1.676370501,0.315146345,1.68,TRUE,1.68,BW,4,B,230,4,3.16556,1.95498,charred,38.24220675,35.9449604,,,,
79,C5BW230-4A,#N/A,,131017,61.33174603,-26.96835752,0.050491009,130930,2.463266292,1.75563042,1.75563042,0.323904935,1.76,TRUE,1.76,BW,4,A,230,4,3.16556,1.95498,charred,38.24220675,29.04830222,,,,
84,C5BW230-8C,#N/A,,131022,61.12934677,-26.8085438,0.049897105,130927,2.413811579,1.589111039,1.589111039,0.315588164,1.59,TRUE,1.59,BW,8,C,230,5,2.8869,1.5755,charred,45.42588936,29.54562479,,,,
83,C5BW230-8B,#N/A,,131017,61.42833333,-26.93807918,0.050440835,130927,2.559571693,2.781729833,2.781729833,0.309709912,2.78,TRUE,2.78,BW,8,B,230,5,2.8869,1.5755,charred,45.42588936,27.99936766,,,,
82,C5BW230-8A,#N/A,,131017,61.0515625,-27.21058423,0.050897879,130819,2.235241687,2.921088521,2.921088521,0.314877642,2.92,TRUE,2.92,BW,8,A,230,5,2.8869,1.5755,charred,45.42588936,31.86537874,,,,
78,C5BW230-24C,#N/A,,131021,61.89477962,-27.08380372,0.052672081,130930,2.479735749,2.0592606,2.0592606,0.321422259,2.06,TRUE,2.06,BW,24,C,230,6,2.97155,1.4828,charred,50.1001161,29.12027068,,,,
76,C5BW230-24A,#N/A,,131016,62.16334169,-26.84558207,0.04846344,130910,2.559234408,2.142659264,2.142659264,0.20922032,2.14,TRUE,2.14,BW,24,A,230,6,2.97155,1.4828,charred,50.1001161,28.33812269,,,,
77,C5BW230-24B,#N/A,,131021,63.33331665,-27.04824013,0.052610709,130819,1.946379916,2.628053339,2.628053339,0.31673971,2.63,TRUE,2.63,BW,24,B,230,6,2.97155,1.4828,charred,50.1001161,37.96220298,,,,
133,C6BW245-4A,#N/A,,131016,63.5789312,-26.84319334,0.048460248,131027,2.741862586,1.544482048,1.544482048,0.409010319,1.54,TRUE,1.54,BW,4,A,245,7,3.77888,1.96678,charred,47.95336184,27.05293114,,,,
135,C6BW245-4C,#N/A,,131026,61.07515163,-26.98195188,0.077406128,130903,2.432093838,1.78252543,1.78252543,0.192181947,1.78,TRUE,1.78,BW,4,C,245,7,3.77888,1.96678,charred,47.95336184,29.29753057,,,,
134,C6BW245-4B,#N/A,,131017,72.08125,-27.10965644,0.050727172,130903,2.368269099,2.260606919,2.260606919,0.19076861,2.26,TRUE,2.26,BW,4,B,245,7,3.77888,1.96678,charred,47.95336184,35.50896801,,,,
137,C6BW245-8B,#N/A,,131017,62.02835821,-27.01882142,0.050574971,131027,1.758538035,0.915550057,0.915550057,0.41275411,0.92,TRUE,0.92,BW,8,B,245,8,2.86262,1.4259,charred,50.18898771,41.15146587,,,,
138,C6BW245-8C,#N/A,,131023,62.80054599,-27.1525461,0.085116934,130930,2.447132205,1.729394886,1.729394886,0.324121146,1.73,TRUE,1.73,BW,8,C,245,8,2.86262,1.4259,charred,50.18898771,29.94006761,,,,
136,C6BW245-8A,#N/A,,131017,64.36086957,-26.76650192,0.050159439,131027,2.433190654,2.192106403,2.192106403,0.405486708,2.19,TRUE,2.19,BW,8,A,245,8,2.86262,1.4259,charred,50.18898771,30.85976064,,,,
131,C6BW245-24B,#N/A,,131026,62.16188747,-26.56656905,0.076024769,130930,2.676850687,1.566792971,1.566792971,0.325467104,1.57,TRUE,1.57,BW,24,B,245,9,3.23623,1.47959,charred,54.2804436,27.09235984,,,,
132,C6BW245-24C,#N/A,,131021,62.14739367,-27.06026058,0.052631434,130927,2.575602629,2.326375239,2.326375239,0.311913045,2.33,TRUE,2.33,BW,24,C,245,9,3.23623,1.47959,charred,54.2804436,28.15080704,,,,
130,C6BW245-24A,#N/A,,131016,64.50738638,-26.90799413,0.048547404,130819,2.523478117,2.576581899,2.576581899,0.317075985,2.58,TRUE,2.58,BW,24,A,245,9,3.23623,1.47959,charred,54.2804436,29.82336836,,,,
189,C7BW260-4C,#N/A,,131022,63.20743615,-26.86723661,0.049992228,130910,2.284196258,2.205114531,2.205114531,0.209061311,2.21,TRUE,2.21,BW,4,C,260,10,3.00901,1.44732,charred,51.90045895,32.28356958,,,,
188,C7BW260-4B,#N/A,,131022,63.23157517,-26.88345166,0.050018641,130910,2.659302234,2.272568986,2.272568986,0.208892683,2.27,TRUE,2.27,BW,4,B,260,10,3.00901,1.44732,charred,51.90045895,27.74042382,,,,
187,C7BW260-4A,#N/A,,131022,63.25220915,-26.95485947,0.050135641,130926,2.502835419,2.403792112,2.403792112,0.216266782,2.4,TRUE,2.4,BW,4,A,260,10,3.00901,1.44732,charred,51.90045895,29.48425751,,,,
192,C7BW260-8C,#N/A,,131022,67.03296674,-26.81042557,0.049900143,130926,2.691134717,2.02357161,2.02357161,0.216449933,2.02,TRUE,2.02,BW,8,C,260,11,3.50419,1.6579,charred,52.68806771,29.06027981,,,,
190,C7BW260-8A,#N/A,,131022,66.11707101,-26.96609439,0.050154151,130903,2.536099818,2.087487773,2.087487773,0.191276496,2.09,TRUE,2.09,BW,8,A,260,11,3.50419,1.6579,charred,52.68806771,30.41543645,,,,
191,C7BW260-8B,#N/A,,131023,67.0308613,-26.93892333,0.084741029,130910,2.480019897,2.201121494,2.201121494,0.209071395,2.2,TRUE,2.2,BW,8,B,260,11,3.50419,1.6579,charred,52.68806771,31.5330823,,,,
186,C7BW260-24C,#N/A,,131023,68.03584351,-26.95836215,0.084774808,130927,2.728666064,2.186853453,2.186853453,0.312598383,2.19,TRUE,2.19,BW,24,C,260,12,3.46028,1.50016,charred,56.64628296,29.08936048,,,,
185,C7BW260-24B,#N/A,,131016,62.03059317,-26.84368141,0.0484609,130910,2.732481925,2.536901471,2.536901471,0.208263139,2.54,TRUE,2.54,BW,24,B,260,12,3.46028,1.50016,charred,56.64628296,26.48472244,,,,
184,C7BW260-24A,#N/A,,131017,64.53114754,-26.90780084,0.050390816,130910,2.918797713,2.631763214,2.631763214,0.208049415,2.63,TRUE,2.63,BW,24,A,260,12,3.46028,1.50016,charred,56.64628296,25.79361306,,,,
3,BW0-0C,#N/A,,131021,39.02715747,-27.18958897,0.05285559,130819,1.330715961,1.985770847,1.985770847,0.321129033,1.99,TRUE,1.99,BW,0,C,0,13,3.48933,3.48933,fresh,0,34.21592966,,,,
2,BW0-0B,#N/A,,131016,42.77144459,-27.25045493,0.049027313,130902,1.383873674,2.073670062,2.073670062,0.317677794,2.07,TRUE,2.07,BW,0,B,0,13,3.48933,3.48933,fresh,0,36.05821804,,,,
1,BW0-0A,#N/A,,131016,41.88692927,-27.01117535,0.048688597,130819,1.419948091,2.210193139,2.210193139,0.319547982,2.21,TRUE,2.21,BW,0,A,0,13,3.48933,3.48933,fresh,0,34.41540184,,,,
35,C4EIN215-4B,#N/A,,131017,54.47833333,-27.31151203,0.051070251,130927,2.347124485,0.675836521,0.675836521,0.320319756,0.68,TRUE,0.68,EI,4,B,215,1,1.77232,1.3387,charred,24.46623635,27.07911573,,,,
34,C4EIN215-4A,#N/A,,131021,49.59838256,-27.56686083,0.053521508,130819,2.34444467,1.071355883,1.071355883,0.328079111,1.07,TRUE,1.07,EI,4,A,215,1,1.77232,1.3387,charred,24.46623635,24.68165719,,,,
36,C4EIN215-4C,#N/A,,131017,51.4546875,-27.46290373,0.051331891,130819,2.467955936,1.682283113,1.682283113,0.323346353,1.68,TRUE,1.68,EI,4,C,215,1,1.77232,1.3387,charred,24.46623635,24.32396295,,,,
38,C4EIN215-8B,#N/A,,131026,56.26047722,-27.05198612,0.077642635,130927,2.671533127,1.444218608,1.444218608,0.316325798,1.44,TRUE,1.44,EI,8,B,215,2,1.80446,1.16338,charred,35.52752624,24.56912204,,,,
39,C4EIN215-8C,#N/A,,131022,58.56666844,-27.25641855,0.050641858,130927,2.767861719,1.522143815,1.522143815,0.315928468,1.52,TRUE,1.52,EI,8,C,215,2,1.80446,1.16338,charred,35.52752624,24.68612481,,,,
37,C4EIN215-8A,#N/A,,131017,56.78059701,-27.24086257,0.050949417,130819,2.851843907,1.564824602,1.564824602,0.324228624,1.56,TRUE,1.56,EI,8,A,215,2,1.80446,1.16338,charred,35.52752624,23.22849077,,,,
33,C4EIN215-24C,#N/A,,131025,60.52368015,-27.32964916,0.0760576,130910,3.173041777,1.244814714,1.244814714,0.21180805,1.24,TRUE,1.24,EI,24,C,215,3,1.7714,1.01271,charred,42.829965,22.25339757,,,,
32,C4EIN215-24B,#N/A,,131022,67.40481848,-27.20189194,0.05054889,130903,3.27024744,1.383052791,1.383052791,0.193388516,1.38,TRUE,1.38,EI,24,B,215,3,1.7714,1.01271,charred,42.829965,24.04679044,,,,
31,C4EIN215-24A,#N/A,,131022,60.43103717,-27.0693225,0.050325493,130910,3.262902845,1.445447858,1.445447858,0.211181321,1.45,TRUE,1.45,EI,24,A,215,3,1.7714,1.01271,charred,42.829965,21.60740912,,,,
89,C5EIN230-4B,#N/A,,131017,63.103125,-27.21058423,0.050897879,130819,2.783749602,1.567534256,1.567534256,0.32420812,1.57,TRUE,1.57,EI,4,B,230,4,1.75698,1.07113,charred,39.03573177,26.44645641,,,,
90,C5EIN230-4C,#N/A,,131021,59.00706765,-27.26016148,0.052978805,130903,3.069728048,1.599740795,1.599740795,0.192731166,1.6,TRUE,1.6,EI,4,C,230,4,1.75698,1.07113,charred,39.03573177,22.42595365,,,,
88,C5EIN230-4A,#N/A,,131017,58.965,-27.41243983,0.051244269,130930,2.986254659,2.101345816,2.101345816,0.321081015,2.1,TRUE,2.1,EI,4,A,230,4,1.75698,1.07113,charred,39.03573177,23.03638097,,,,
92,C5EIN230-8B,#N/A,,131017,60.69206349,-27.0793781,0.050676286,130927,2.940940897,1.375875354,1.375875354,0.316675454,1.38,TRUE,1.38,EI,8,B,230,5,1.75721,1.0048,charred,42.81844515,24.07644692,,,,
93,C5EIN230-8C,#N/A,,131022,61.27827772,-27.29436122,0.05070692,130927,3.045652923,1.412966031,1.412966031,0.316485555,1.41,TRUE,1.41,EI,8,C,230,5,1.75721,1.0048,charred,42.81844515,23.47323409,,,,
91,C5EIN230-8A,#N/A,,131017,61.12985075,-27.44271817,0.051296793,130930,3.226113222,2.236198185,2.236198185,0.319992347,2.24,TRUE,2.24,EI,8,A,230,5,1.75721,1.0048,charred,42.81844515,22.10652705,,,,
86,C5EIN230-24B,#N/A,,131017,65.05507246,-27.15002755,0.050795254,130930,3.113766053,1.268224562,1.268224562,0.327964806,1.27,TRUE,1.27,EI,24,B,230,6,1.80015,0.97472,charred,45.85340111,24.37485131,,,,
87,C5EIN230-24C,#N/A,,131022,64.76781248,-27.16513764,0.050486579,130903,3.31833306,1.728151467,1.728151467,0.192344818,1.73,TRUE,1.73,EI,24,C,230,6,1.80015,0.97472,charred,45.85340111,22.77120667,,,,
85,C5EIN230-24A,#N/A,,131021,73.63116441,-26.80518296,0.052195648,130819,3.242298887,2.364788366,2.364788366,0.318488287,2.36,TRUE,2.36,EI,24,A,230,6,1.80015,0.97472,charred,45.85340111,26.49448066,,,,
143,C6EIN245-4B,#N/A,,131023,65.18688044,-27.37661704,0.085522209,130930,3.074515144,1.094490365,1.094490365,0.329433595,1.09,TRUE,1.09,EI,4,B,245,7,1.7547,0.96856,charred,44.80196045,24.73605006,,,,
144,C6EIN245-4C,#N/A,,131017,65.85737705,-26.94817196,0.050457543,130930,3.252966123,1.296550174,1.296550174,0.327726401,1.3,TRUE,1.3,EI,4,C,245,7,1.7547,0.96856,charred,44.80196045,23.61955325,,,,
142,C6EIN245-4A,#N/A,,131022,61.56485972,-27.46211831,0.050998186,130927,3.212861695,2.293945911,2.293945911,0.312071912,2.29,TRUE,2.29,EI,4,A,245,7,1.7547,0.96856,charred,44.80196045,22.35566809,,,,
146,C6EIN245-8B,#N/A,,131025,61.78862594,-27.22782268,0.075813333,130902,3.152165533,1.091060832,1.091060832,0.330892297,1.09,TRUE,1.09,EI,8,B,245,8,1.77484,0.94561,charred,46.7213946,22.86895454,,,,
145,C6EIN245-8A,#N/A,,131025,59.88594285,-27.27981596,0.075937692,130903,3.33727803,1.943876257,1.943876257,0.191701183,1.94,TRUE,1.94,EI,8,A,245,8,1.77484,0.94561,charred,46.7213946,20.93530497,,,,
147,C6EIN245-8C,#N/A,,131023,64.80573637,-27.14169983,0.085097601,130926,3.302033622,2.211746991,2.211746991,0.216343596,2.21,TRUE,2.21,EI,8,C,245,8,1.77484,0.94561,charred,46.7213946,22.89700866,,,,
140,C6EIN245-24B,#N/A,,131016,58.9562225,-27.45956195,0.049336028,130902,3.317129691,0.857059163,0.857059163,0.334065548,0.86,TRUE,0.86,EI,24,B,245,9,1.777018,0.88503,charred,50.19577742,20.73547494,,,,
141,C6EIN245-24C,#N/A,,131025,61.68095301,-27.25339911,0.075874412,130930,3.529668746,1.208662458,1.208662458,0.328467093,1.21,TRUE,1.21,EI,24,C,245,9,1.777018,0.88503,charred,50.19577742,20.38749725,,,,
139,C6EIN245-24A,#N/A,,131016,62.47222289,-27.15495607,0.04889025,130819,3.543963144,2.194115938,2.194115938,0.31965957,2.19,TRUE,2.19,EI,24,A,245,9,1.777018,0.88503,charred,50.19577742,20.56575,,,,
198,C7EIN260-4C,#N/A,,131021,62.65253123,-27.226952,0.052920745,131027,2.869546803,0.897645294,0.897645294,0.412865248,0.9,TRUE,0.9,EI,4,C,260,10,1.78012,0.91968,charred,48.33606723,25.47253096,,,,
197,C7EIN260-4B,#N/A,,131021,63.98482449,-27.08150349,0.052668106,130902,3.635812316,1.293479586,1.293479586,0.328155237,1.29,TRUE,1.29,EI,4,B,260,10,1.78012,0.91968,charred,48.33606723,20.53157738,,,,
196,C7EIN260-4A,#N/A,,131021,63.5426399,-27.14400011,0.052776331,130903,3.396855751,1.693647632,1.693647632,0.192448394,1.69,TRUE,1.69,EI,4,A,260,10,1.78012,0.91968,charred,48.33606723,21.82402943,,,,
199,C7EIN260-8A,#N/A,,131016,64.36004446,-27.2954329,0.049092724,130903,3.089125501,0.95912175,0.95912175,0.194693958,0.96,TRUE,0.96,EI,8,A,260,11,1.76344,0.89756,charred,49.10175566,24.30678796,,,,
201,C7EIN260-8C,#N/A,,131022,65.59333569,-27.23600186,0.050606974,130902,3.494575968,1.134065714,1.134065714,0.330310175,1.13,TRUE,1.13,EI,8,C,260,11,1.76344,0.89756,charred,49.10175566,21.89838166,,,,
200,C7EIN260-8B,#N/A,,131023,65.85315643,-27.22988715,0.085255557,130902,3.530582636,1.179107693,1.179107693,0.329700835,1.18,TRUE,1.18,EI,8,B,260,11,1.76344,0.89756,charred,49.10175566,21.7609076,,,,
194,C7EIN260-24B,#N/A,,131023,77.82465504,-27.25087057,0.085293397,131027,3.078739817,0.497942663,0.497942663,0.415410963,0.5,TRUE,0.5,EI,24,B,260,12,1.86801,0.89049,charred,52.32948432,29.49110229,,,,
195,C7EIN260-24C,#N/A,,131016,70.25000768,-27.21602425,0.048977612,131027,3.466909838,0.796410467,0.796410467,0.413498328,0.8,TRUE,0.8,EI,24,C,260,12,1.86801,0.89049,charred,52.32948432,23.64017126,,,,
193,C7EIN260-24A,#N/A,,131021,65.08413858,-27.10627916,0.05271095,130819,3.775500133,2.079657757,2.079657757,0.320461485,2.08,TRUE,2.08,EI,24,A,260,12,1.86801,0.89049,charred,52.32948432,20.11163881,,,,
259,EIN0-0A,#N/A,,131026,40.87151159,-27.02910338,0.077565247,130930,2.021134478,1.0034381,1.0034381,0.330207832,1,TRUE,1,EI,0,A,0,13,1.95321,1.95321,fresh,0,23.59240848,,,,
261,EIN0-0C,#N/A,,131021,39.56821811,-27.20982867,0.052890863,130930,1.842981414,1.114547691,1.114547691,0.329263454,1.11,TRUE,1.11,EI,0,C,0,13,1.95321,1.95321,fresh,0,25.04795804,,,,
260,EIN0-0B,#N/A,,131025,41.62898818,-26.90432739,0.075056927,130930,2.02304875,1.465409629,1.465409629,0.326311448,1.47,TRUE,1.47,EI,0,B,0,13,1.95321,1.95321,fresh,0,24.00691179,,,,
45,C4EM215-4C,#N/A,,131025,47.33452154,-25.35691512,0.071876722,130927,2.109040358,0.898905891,0.898905891,0.31914618,0.9,TRUE,0.9,EM,4,C,215,1,1.91116,1.46082,charred,23.56369953,26.18423505,,,,
44,C4EM215-4B,#N/A,,131025,48.63843005,-25.62887358,0.072380731,130819,2.238743039,1.138986146,1.138986146,0.327537831,1.14,TRUE,1.14,EM,4,B,215,1,1.91116,1.46082,charred,23.56369953,25.3467388,,,,
43,C4EM215-4A,#N/A,,131025,48.42557017,-25.22929001,0.07164864,130819,2.277295579,1.661016806,1.661016806,0.323505101,1.66,TRUE,1.66,EM,4,A,215,1,1.91116,1.46082,charred,23.56369953,24.80859272,,,,
46,C4EM215-8A,#N/A,,131017,56.17384615,-25.49481165,0.048236026,130903,2.675847983,1.130041548,1.130041548,0.194164567,1.13,TRUE,1.13,EM,8,A,215,2,2.00825,1.30048,charred,35.24312212,24.49173281,,,,
48,C4EM215-8C,#N/A,,131026,52.30501016,-25.39151117,0.072330304,130902,2.694454446,1.241369008,1.241369008,0.328859153,1.24,TRUE,1.24,EM,8,C,215,2,2.00825,1.30048,charred,35.24312212,22.64744611,,,,
47,C4EM215-8B,#N/A,,131025,54.75061016,-25.39316687,0.071942497,131027,2.732202387,1.886136685,1.886136685,0.407108963,1.89,TRUE,1.89,EM,8,B,215,2,2.00825,1.30048,charred,35.24312212,23.37883612,,,,
40,C4EM215-24A,#N/A,,131025,60.15754838,-25.2939445,0.071763506,130902,3.023421035,1.056349218,1.056349218,0.331362402,1.06,TRUE,1.06,EM,24,A,215,3,2.42423,1.37076,charred,43.45586021,23.21337506,,,,
41,C4EM215-24B,#N/A,,131016,62.99115065,-25.38183383,0.046819029,130903,3.000119802,1.280905027,1.280905027,0.193700732,1.28,TRUE,1.28,EM,24,B,215,3,2.42423,1.37076,charred,43.45586021,24.49558038,,,,
42,C4EM215-24C,#N/A,,131016,62.08665592,-25.41751051,0.046851435,130819,3.025089425,1.962077516,1.962077516,0.321298878,1.96,TRUE,1.96,EM,24,C,215,3,2.42423,1.37076,charred,43.45586021,23.9445589,,,,
98,C5EM230-4B,#N/A,,131021,59.59928855,-25.60365364,0.05026171,130902,2.775385925,1.067398967,1.067398967,0.33121273,1.07,TRUE,1.07,EM,4,B,230,4,2.27731,1.38325,charred,39.25947719,25.05327373,,,,
99,C5EM230-4C,#N/A,,131021,49.81389508,-25.29893238,0.049804171,130902,2.803459651,1.075418519,1.075418519,0.331104116,1.08,TRUE,1.08,EM,4,C,230,4,2.27731,1.38325,charred,39.25947719,20.73017563,,,,
97,C5EM230-4A,#N/A,,131025,59.36254941,-25.3492746,0.071862914,130926,2.833944729,1.141946525,1.141946525,0.217356022,1.14,TRUE,1.14,EM,4,A,230,4,2.27731,1.38325,charred,39.25947719,24.43812927,,,,
102,C5EM230-8C,#N/A,,131026,60.28257697,-25.26729022,0.071959543,130902,2.593805992,1.484147863,1.484147863,0.325583943,1.48,TRUE,1.48,EM,8,C,230,5,2.29969,1.29155,charred,43.83808252,27.11446937,,,,
101,C5EM230-8B,#N/A,,131023,57.64900748,-25.30582681,0.082219411,130819,2.993919673,1.708493316,1.708493316,0.323151303,1.71,TRUE,1.71,EM,8,B,230,5,2.29969,1.29155,charred,43.83808252,22.46458915,,,,
100,C5EM230-8A,#N/A,,131017,62.59846154,-25.41406941,0.04812402,130902,3.097497766,1.840670948,1.840670948,0.320794449,1.84,TRUE,1.84,EM,8,A,230,5,2.29969,1.29155,charred,43.83808252,23.57759197,,,,
95,C5EM230-24B,#N/A,,131025,61.8481949,-25.24826731,0.07168221,130903,2.976964359,1.022936431,1.022936431,0.194495822,1.02,TRUE,1.02,EM,24,B,230,6,2.24282,1.15585,charred,48.46443317,24.23818987,,,,
96,C5EM230-24C,#N/A,,131025,63.38069359,-25.20713696,0.071609604,130902,3.228788459,1.105745881,1.105745881,0.33069348,1.11,TRUE,1.11,EM,24,C,230,6,2.24282,1.15585,charred,48.46443317,22.90151351,,,,
94,C5EM230-24A,#N/A,,131021,64.93242594,-25.22420755,0.049694106,130819,3.423252609,2.436758371,2.436758371,0.318003227,2.44,TRUE,2.44,EM,24,A,230,6,2.24282,1.15585,charred,48.46443317,22.12939142,,,,
153,C6EM245-4C,#N/A,,131026,62.76352558,-25.47462956,0.072580598,130902,3.053863756,0.980712431,0.980712431,0.332387505,0.98,TRUE,0.98,EM,4,C,245,7,2.09324,1.13212,charred,45.91542298,23.9775311,,,,
152,C6EM245-4B,#N/A,,131026,61.60552565,-25.08330916,0.071417813,130902,3.074179501,1.212491586,1.212491586,0.329249446,1.21,TRUE,1.21,EM,4,B,245,7,2.09324,1.13212,charred,45.91542298,23.37960852,,,,
151,C6EM245-4A,#N/A,,131022,60.56564499,-25.37015276,0.047813552,130903,2.935484311,1.647543338,1.647543338,0.192587063,1.65,TRUE,1.65,EM,4,A,245,7,2.09324,1.13212,charred,45.91542298,24.07095786,,,,
156,C6EM245-8C,#N/A,,131016,59.54664545,-25.67534937,0.047097328,130902,3.051418797,1.098975867,1.098975867,0.330785133,1.1,TRUE,1.1,EM,8,C,245,8,2.17178,1.12741,charred,48.08820415,22.76681471,,,,
155,C6EM245-8B,#N/A,,131026,61.60382797,-25.86998489,0.073794807,130819,3.147934788,1.913147513,1.913147513,0.321651389,1.91,TRUE,1.91,EM,8,B,245,8,2.17178,1.12741,charred,48.08820415,22.83120124,,,,
154,C6EM245-8A,#N/A,,131021,64.20593765,-25.31594662,0.049829351,130819,3.356072843,2.341518075,2.341518075,0.31864625,2.34,TRUE,2.34,EM,8,A,245,8,2.17178,1.12741,charred,48.08820415,22.31981568,,,,
149,C6EM245-24B,#N/A,,131025,64.24001318,-25.08820562,0.071402864,130902,3.398269408,1.636327759,1.636327759,0.323536588,1.64,TRUE,1.64,EM,24,B,245,9,2.62841,1.24193,charred,52.74976126,22.0543674,,,,
148,C6EM245-24A,#N/A,,131026,60.9113083,-25.42105179,0.072419058,130910,3.532376007,2.248405085,2.248405085,0.208952718,2.25,TRUE,2.25,EM,24,A,245,9,2.62841,1.24193,charred,52.74976126,20.11767515,,,,
150,C6EM245-24C,#N/A,,131022,63.29918017,-25.17351818,0.047567592,130819,3.515973877,2.808862206,2.808862206,0.315580194,2.81,TRUE,2.81,EM,24,C,245,9,2.62841,1.24193,charred,52.74976126,21.00386582,,,,
205,C7EM260-4A,#N/A,,131021,64.20166733,-25.35534085,0.049887818,130902,3.253988937,1.700466512,1.700466512,0.322675021,1.7,TRUE,1.7,EM,4,A,260,10,2.15689,1.0765,charred,50.09017613,23.01850027,,,,
207,C7EM260-4C,#N/A,,131025,60.53308454,-25.59582724,0.072318193,130819,3.164664202,1.995840075,1.995840075,0.32105702,2,TRUE,2,EM,4,C,260,10,2.15689,1.0765,charred,50.09017613,22.31577427,,,,
206,C7EM260-4B,#N/A,,131026,60.54534008,-25.36119155,0.072239442,130819,3.196820888,2.973414786,2.973414786,0.314554593,2.97,TRUE,2.97,EM,4,B,260,10,2.15689,1.0765,charred,50.09017613,22.09577345,,,,
209,C7EM260-8B,#N/A,,131017,63.89857143,-25.79759505,0.048667119,130903,3.298223151,1.604722484,1.604722484,0.192716133,1.6,TRUE,1.6,EM,8,B,260,11,2.0826,1.03435,charred,50.33371747,22.60257415,,,,
210,C7EM260-8C,#N/A,,131025,65.07640843,-25.68086013,0.072479831,130926,3.365714981,1.597373381,1.597373381,0.216804226,1.6,TRUE,1.6,EM,8,C,260,11,2.0826,1.03435,charred,50.33371747,22.55760721,,,,
208,C7EM260-8A,#N/A,,131023,64.87582181,-25.98160157,0.083185632,130819,3.350281827,2.08882879,2.08882879,0.320396748,2.09,TRUE,2.09,EM,8,A,260,11,2.0826,1.03435,charred,50.33371747,22.5916692,,,,
204,C7EM260-24C,#N/A,,131023,69.19592458,-25.47606195,0.082452267,131027,2.863779184,0.227148795,0.227148795,0.417205264,0.23,TRUE,0.23,EM,24,C,260,12,2.12219,0.987,charred,53.49144045,28.18952632,,,,
202,C7EM260-24A,#N/A,,131022,65.61822651,-25.81855888,0.048410395,130910,3.631179134,1.736526836,1.736526836,0.210321378,1.74,TRUE,1.74,EM,24,A,260,12,2.12219,0.987,charred,53.49144045,21.08257256,,,,
203,C7EM260-24B,#N/A,,131016,66.79150721,-25.48358394,0.046912493,130910,2.638023814,2.295045751,2.295045751,0.208837212,2.3,TRUE,2.3,EM,24,B,260,12,2.12219,0.987,charred,53.49144045,29.53856014,,,,
264,EM0-0C,#N/A,,131022,39.36380021,-25.78102086,0.048358545,130930,1.887532208,0.747447818,0.747447818,0.332400785,0.75,TRUE,0.75,EM,0,C,0,13,2.8696,2.8696,fresh,0,24.33041056,,,,
262,EM0-0A,#N/A,,131025,40.13658715,-25.93681885,0.072980454,130930,1.971674275,0.902606693,0.902606693,0.331068768,0.9,TRUE,0.9,EM,0,A,0,13,2.8696,2.8696,fresh,0,23.74936821,,,,
263,EM0-0B,#N/A,,131025,40.3799993,-25.79166395,0.072693969,130930,1.841686321,0.960145188,0.960145188,0.330577028,0.96,TRUE,0.96,EM,0,B,0,13,2.8696,2.8696,fresh,0,25.57981707,,,,
23,FT3004B,#N/A,,181219,72.71315767,-26.57169562,0.072346009,NA,2.936957301,2.432018822,2.432018822,0.268055925,2.43,TRUE,2.43,BW,4,B,300,13,2561.57,1056.42,charred,58.75888615,28.88432094,,,,
24,FT3004C,#N/A,,181219,67.40570383,-26.96179696,0.073333027,NA,3.216258723,2.528758507,2.528758507,0.267195988,2.53,TRUE,2.53,BW,4,C,300,13,2561.57,1056.42,charred,58.75888615,24.45076549,,,,
22,FT3004A,#N/A,,181219,70.03993225,-26.66783823,0.072586224,NA,3.098322336,2.600300327,2.600300327,0.266566277,2.6,TRUE,2.6,BW,4,A,300,13,2561.57,1056.42,charred,58.75888615,26.37338708,,,,
27,FT3008C,#N/A,,181219,67.28988319,-26.94110953,0.07327987,NA,2.732381388,2.123227975,2.123227975,0.270864679,2.12,TRUE,2.12,BW,8,C,300,14,2603.15,1038.03,charred,60.12408044,28.73129794,,,,
26,FT3008B,#N/A,,181219,64.84520057,-27.15730519,0.073839805,NA,2.528414692,2.311059396,2.311059396,0.269144668,2.31,TRUE,2.31,BW,8,B,300,14,2603.15,1038.03,charred,60.12408044,29.92101503,,,,
25,FT3008A,#N/A,,181219,66.95298257,-26.75150999,0.072796911,NA,2.383315935,2.428008052,2.428008052,0.268091785,2.43,TRUE,2.43,BW,8,A,300,14,2603.15,1038.03,charred,60.12408044,32.77442652,,,,
20,FT30024B,#N/A,,181219,69.5152288,-26.61025779,0.072442116,NA,3.249596107,2.24459422,2.24459422,0.269749246,2.24,TRUE,2.24,BW,24,B,300,15,2695.86,947.61,charred,64.8494358,24.95728626,,,,
19,FT30024A,#N/A,,181219,60.59389773,-26.65137047,0.072544936,NA,3.624725552,2.373190876,2.373190876,0.268583563,2.37,TRUE,2.37,BW,24,A,300,15,2695.86,947.61,charred,64.8494358,19.50296089,,,,
21,FT30024C,#N/A,,181219,65.90186347,-26.71045281,0.07269334,NA,3.603010929,2.520332412,2.520332412,0.267270505,2.52,TRUE,2.52,BW,24,C,300,15,2695.86,947.61,charred,64.8494358,21.3392379,,,,
16,FT0A,FT0A,,190308,30.89418779,-27.09037208,0.075089975,NA,1.388525288,1.518685966,1.518685966,0.407833602,1.52,TRUE,1.52,BW,0,A,0,16,NA,NA,fresh,NA,32.867902,,,,
18,FT0C,FT0C,,190308,43.71392608,-27.05987935,0.075039592,NA,1.367086258,2.038977809,2.038977809,0.406125652,2.04,TRUE,2.04,BW,0,C,0,16,NA,NA,fresh,NA,46.34384682,,,,
17,FT0B,#N/A,not using 190122A,190117,39.31012703,-26.81619976,0.273621034,190322,1.324415149,2.848450151,2.848450151,0.409309652,2.85,TRUE,2.85,BW,0,B,0,16,NA,NA,fresh,NA,34.62797516,,,,
268,HBH0-0A,#N/A,,131130,40.05687752,-26.28239388,0.055065336,131128,1.541434248,0.16978484,0.16978484,0.178547202,0.17,TRUE,0.17,Barley,0,A,0,H0,2.53,2.53,fresh,0,30.31788339,,,,
269,HBH0-0B,#N/A,,131204,38.35146618,-26.71787454,0.074838697,131128,1.302089933,0.670510993,0.670510993,0.177503573,0.67,TRUE,0.67,Barley,0,B,0,H0,2.53,2.53,fresh,0,34.36273954,,,,
270,HBH0-0C,#N/A,,131120,40.52899357,-26.84264006,0.072355317,131121,1.363117296,0.689419134,0.689419134,0.29780726,0.69,TRUE,0.69,Barley,0,C,0,H0,2.53,2.53,fresh,0,34.6880096,,,,
239,C8HBH215-4B,#N/A,,131120,47.38721781,-26.91415656,0.072489435,131121,1.96731149,0.462525452,0.462525452,0.298492126,0.46,TRUE,0.46,Barley,4,B,215,H1,2.49,1.86,charred,25.30120482,28.10184748,,,,
238,C8HBH215-4A,#N/A,,131130,50.7793765,-26.05318914,0.054717343,131128,1.886632171,0.683878487,0.683878487,0.177476511,0.68,TRUE,0.68,Barley,4,A,215,H1,2.49,1.86,charred,25.30120482,31.40124865,,,,
240,C8HBH215-4C,#N/A,,131130,50.60870736,-26.53013991,0.055456108,131128,1.805438664,1.077267166,1.077267166,0.176698937,1.08,TRUE,1.08,Barley,4,C,215,H1,2.49,1.86,charred,25.30120482,32.7031281,,,,
16,C11HBH260-4A,#N/A,,131130,62.17338649,-26.20156543,0.054941119,131128,2.605149174,0.420052995,0.420052995,0.178018315,0.42,TRUE,0.42,Barley,4,A,260,H10,2.48,1.26,charred,49.19354839,27.8431724,,,,
17,C11HBH260-4B,#N/A,,131130,66.18348186,-26.28104116,0.055063244,131128,2.593963103,0.754946357,0.754946357,0.177333343,0.75,TRUE,0.75,Barley,4,B,260,H10,2.48,1.26,charred,49.19354839,29.76683134,,,,
18,C11HBH260-4C,#N/A,,131130,60.51538203,-26.81740081,0.055927821,131128,2.370682876,1.500444325,1.500444325,0.175903478,1.5,TRUE,1.5,Barley,4,C,260,H10,2.48,1.26,charred,49.19354839,29.78098832,,,,
21,C11HBH260-8C,#N/A,,131130,67.32437719,-26.03858133,0.054695612,131206,2.446124931,0.200800156,0.200800156,0.881883367,0.2,TRUE,0.2,Barley,8,C,260,H11,2.52,1.22,charred,51.58730159,32.11001439,,,,
19,C11HBH260-8A,#N/A,,131130,66.25863785,-26.39489721,0.055240923,131206,2.267658666,0.207039298,0.207039298,0.88198626,0.21,TRUE,0.21,Barley,8,A,260,H11,2.52,1.22,charred,51.58730159,34.08879181,,,,
20,C11HBH260-8B,#N/A,,131130,64.09682598,-26.55732825,0.055499904,131128,2.69070441,1.074367658,1.074367658,0.176704535,1.07,TRUE,1.07,Barley,8,B,260,H11,2.52,1.22,charred,51.58730159,27.79184144,,,,
13,C11HBH260-24A,#N/A,,131130,66.32006829,-26.44895258,0.055326395,131206,2.239901329,-0.059222289,-0.059222289,0.877849781,-0.06,TRUE,-0.06,Barley,24,A,260,H12,2.5,1.08,charred,56.8,34.54322385,,,,
14,C11HBH260-24B,#N/A,,131130,64.82393976,-26.16658571,0.054887867,131128,2.984192168,0.482867949,0.482867949,0.177887845,0.48,TRUE,0.48,Barley,24,B,260,H12,2.5,1.08,charred,56.8,25.3428484,,,,
15,C11HBH260-24C,#N/A,,131130,61.73138196,-26.33396817,0.055145442,131128,3.077796542,1.509581444,1.509581444,0.175886776,1.51,TRUE,1.51,Barley,24,C,260,H12,2.5,1.08,charred,56.8,23.39983967,,,,
243,C8HBH215-8C,#N/A,,131130,55.87437395,-26.28022252,0.055061978,131128,2.227096691,0.051500291,0.051500291,0.178802189,0.05,TRUE,0.05,Barley,8,C,215,H2,2.62,1.72,charred,34.35114504,29.26984261,,,,
241,C8HBH215-8A,#N/A,,131130,54.93991234,-26.58769781,0.055549037,131128,1.935211299,0.421721825,0.421721825,0.178014837,0.42,TRUE,0.42,Barley,8,A,215,H2,2.62,1.72,charred,34.35114504,33.12122269,,,,
242,C8HBH215-8B,#N/A,,131120,53.52543785,-26.01954179,0.070859321,131121,2.38981968,0.652983205,0.652983205,0.29791587,0.65,TRUE,0.65,Barley,8,B,215,H2,2.62,1.72,charred,34.35114504,26.13014893,,,,
236,C8HBH215-24B,#N/A,,131130,57.52613643,-26.50128306,0.05540982,131128,2.573487105,-0.064726963,-0.064726963,0.179055862,-0.06,TRUE,-0.06,Barley,24,B,215,H3,2.53,1.42,charred,43.87351779,26.0789439,,,,
237,C8HBH215-24C,#N/A,,131120,60.44078375,-26.11709175,0.07103195,131121,3.304082013,0.34119989,0.34119989,0.298866652,0.34,TRUE,0.34,Barley,24,C,215,H3,2.53,1.42,charred,43.87351779,21.34155491,,,,
235,C8HBH215-24A,#N/A,,131120,60.95143294,-26.38483588,0.071512292,131121,2.476458488,0.414570175,0.414570175,0.298639471,0.41,TRUE,0.41,Barley,24,A,215,H3,2.53,1.42,charred,43.87351779,28.71439414,,,,
250,C9HBH230-4A,#N/A,,131120,57.86877959,-26.33305471,0.071418655,131121,2.047839965,0.505172511,0.505172511,0.298361849,0.51,TRUE,0.51,Barley,4,A,230,H4,2.56,1.54,charred,39.84375,32.96818958,,,,
252,C9HBH230-4C,#N/A,,131130,58.88719613,-26.70247396,0.055736729,131128,2.400260041,1.315338209,1.315338209,0.176246164,1.32,TRUE,1.32,Barley,4,C,230,H4,2.56,1.54,charred,39.84375,28.62261907,,,,
251,C9HBH230-4B,#N/A,,131130,59.63688911,-25.59692915,0.054064342,131128,2.691508237,1.418624067,1.418624067,0.176053939,1.42,TRUE,1.42,Barley,4,B,230,H4,2.56,1.54,charred,39.84375,25.85032796,,,,
255,C9HBH230-8C,#N/A,,131130,61.41498993,-26.07740189,0.054753482,131128,2.220443857,0.638868462,0.638868462,0.177567797,0.64,TRUE,0.64,Barley,8,C,230,H5,2.56,1.4,charred,45.3125,32.2686932,,,,
253,C9HBH230-8A,#N/A,,131130,68.92255372,-26.50181901,0.055410678,131128,2.647136049,0.848410865,0.848410865,0.177146861,0.85,TRUE,0.85,Barley,8,A,230,H5,2.56,1.4,charred,45.3125,30.37609119,,,,
254,C9HBH230-8B,#N/A,,131130,64.50465665,-26.27217121,0.055049537,131128,2.193600098,1.312692,1.312692,0.176251122,1.31,TRUE,1.31,Barley,8,B,230,H5,2.56,1.4,charred,45.3125,34.30681501,,,,
248,C9HBH230-24B,#N/A,,131130,61.92322975,-26.36828794,0.055199112,131128,2.812171337,0.60741008,0.60741008,0.17763188,0.61,TRUE,0.61,Barley,24,B,230,H6,2.57,1.22,charred,52.52918288,25.68967513,,,,
247,C9HBH230-24A,#N/A,,131130,61.80965276,-26.53415871,0.05546257,131128,2.730997733,1.547377306,1.547377306,0.175817899,1.55,TRUE,1.55,Barley,24,A,230,H6,2.57,1.22,charred,52.52918288,26.40473139,,,,
249,C9HBH230-24C,#N/A,,131130,59.38994874,-26.28612418,0.055071108,131128,2.851549225,1.635797045,1.635797045,0.175658113,1.64,TRUE,1.64,Barley,24,C,230,H6,2.57,1.22,charred,52.52918288,24.29846657,,,,
7,C10HBH245-4A,#N/A,,131204,59.44726943,-26.45308489,0.075937255,131121,2.52043384,0.618547597,0.618547597,0.298019,0.62,TRUE,0.62,Barley,4,A,245,H7,2.58,1.46,charred,43.41085271,27.51714668,,,,
9,C10HBH245-4C,#N/A,,131130,60.78234013,-26.70470946,0.055740416,131128,2.59852579,0.745573184,0.745573184,0.177352158,0.75,TRUE,0.75,Barley,4,C,245,H7,2.58,1.46,charred,43.41085271,27.28960029,,,,
8,C10HBH245-4B,#N/A,,131120,61.81132389,-26.45731145,0.071643943,131121,2.567276384,1.593145288,1.593145288,0.295282947,1.59,TRUE,1.59,Barley,4,B,245,H7,2.58,1.46,charred,43.41085271,28.08938362,,,,
11,C10HBH245-8B,#N/A,,131120,61.37298963,-26.75941684,0.072200061,131121,2.534496563,0.480251084,0.480251084,0.298437891,0.48,TRUE,0.48,Barley,8,B,245,H8,2.5,1.35,charred,46,28.25090484,,,,
12,C10HBH245-8C,#N/A,,131120,62.11179655,-26.48498785,0.071694398,131121,2.598215139,0.754481277,0.754481277,0.297614627,0.75,TRUE,0.75,Barley,8,C,245,H8,2.5,1.35,charred,46,27.88982388,,,,
10,C10HBH245-8A,#N/A,,131130,62.48765398,-26.60562225,0.05557814,131128,2.637621357,0.924866476,0.924866476,0.176995844,0.92,TRUE,0.92,Barley,8,A,245,H8,2.5,1.35,charred,46,27.63939668,,,,
6,C10HBH245-24C,#N/A,,131130,62.46967972,-26.4164749,0.055274956,131128,2.989825579,0.418416646,0.418416646,0.178021726,0.42,TRUE,0.42,Barley,24,C,245,H9,2.49,1.19,charred,52.20883534,24.37643638,,,,
4,C10HBH245-24A,#N/A,,131130,62.40749792,-26.42329666,0.055285739,131128,2.581060412,0.686938906,0.686938906,0.177470322,0.69,TRUE,0.69,Barley,24,A,245,H9,2.49,1.19,charred,52.20883534,28.20885061,,,,
5,C10HBH245-24B,#N/A,,131130,62.87342906,-26.50762835,0.055419981,131206,2.655605079,1.161685397,1.161685397,0.901021706,1.16,TRUE,1.16,Barley,24,B,245,H9,2.49,1.19,charred,52.20883534,27.62170267,,,,
54,C4LEN215-4C,#N/A,,131021,49.72526002,-26.02692162,0.050919884,130927,4.890441602,0.222999891,0.222999891,0.322736888,0.22,TRUE,0.22,LE,4,C,215,1,1.39993,1.04942,charred,25.03768046,11.8624877,,,,
53,C4LEN215-4B,#N/A,,131017,48.85625,-26.16093512,0.049207001,130927,4.885403615,0.231931108,0.231931108,0.32268877,0.23,TRUE,0.23,LE,4,B,215,1,1.39993,1.04942,charred,25.03768046,11.66719535,,,,
52,C4LEN215-4A,#N/A,,131016,50.20491573,-26.32424465,0.047805277,130926,4.871976421,0.598543406,0.598543406,0.218246657,0.6,TRUE,0.6,LE,4,A,215,1,1.39993,1.04942,charred,25.03768046,12.02230812,,,,
55,C4LEN215-8A,#N/A,,131021,53.41229505,-26.42215143,0.051557418,130927,5.73044663,0.63217157,0.63217157,0.32055081,0.63,TRUE,0.63,LE,8,A,215,2,1.40023,0.91672,charred,34.53075566,10.8742561,,,,
57,C4LEN215-8C,#N/A,,131026,52.77038031,-26.4988421,0.075803099,130927,5.736507986,0.663485199,0.663485199,0.320385069,0.66,TRUE,0.66,LE,8,C,215,2,1.40023,0.91672,charred,34.53075566,10.73221616,,,,
56,C4LEN215-8B,#N/A,,131026,51.38169781,-25.86450158,0.073777704,130927,6.01170059,0.787719486,0.787719486,0.319729711,0.79,TRUE,0.79,LE,8,B,215,2,1.40023,0.91672,charred,34.53075566,9.971440396,,,,
50,C4LEN215-24B,#N/A,,131023,61.88275323,-25.77752362,0.082882107,131027,6.058210429,0.444507683,0.444507683,0.415760606,0.44,TRUE,0.44,LE,24,B,215,3,1.52062,0.89772,charred,40.96355434,11.91714059,,,,
49,C4LEN215-24A,#N/A,,131023,59.10194741,-26.01326407,0.083233622,130819,5.965282004,0.769880709,0.769880709,0.330543388,0.77,TRUE,0.77,LE,24,A,215,3,1.52062,0.89772,charred,40.96355434,11.55892914,,,,
51,C4LEN215-24C,#N/A,,131023,61.09693664,-25.72012899,0.08279856,131027,7.716726244,0.898356652,0.898356652,0.412860828,0.9,TRUE,0.9,LE,24,C,215,3,1.52062,0.89772,charred,40.96355434,9.237046535,,,,
108,C5LEN230-4C,#N/A,,131016,55.03550886,-26.32966221,0.047811714,130926,5.560198895,0.493606818,0.493606818,0.218447529,0.49,TRUE,0.49,LE,4,C,230,4,1.59689,0.98698,charred,38.19361384,11.54780519,,,,
107,C5LEN230-4B,#N/A,,131016,54.50069156,-25.91739727,0.047346653,130927,5.777559373,0.91088221,0.91088221,0.319083496,0.91,TRUE,0.91,LE,4,B,230,4,1.59689,0.98698,charred,38.19361384,11.00536334,,,,
106,C5LEN230-4A,#N/A,,131017,56.82352941,-26.3728835,0.049533004,130926,5.866952696,1.078591277,1.078591277,0.217446892,1.08,TRUE,1.08,LE,4,A,230,4,1.59689,0.98698,charred,38.19361384,11.29958278,,,,
110,C5LEN230-8B,#N/A,,131016,59.06674059,-26.21819937,0.047681018,130927,6.641295417,0.468614798,0.468614798,0.321420119,0.47,TRUE,0.47,LE,8,B,230,5,1.53211,0.88232,charred,42.41144565,10.37616806,,,,
109,C5LEN230-8A,#N/A,,131016,59.40477061,-25.92530558,0.047355097,130927,6.180983835,0.586863457,0.586863457,0.320791017,0.59,TRUE,0.59,LE,8,A,230,5,1.53211,0.88232,charred,42.41144565,11.21270781,,,,
111,C5LEN230-8C,#N/A,,131026,57.58046481,-26.43101627,0.075582129,130927,6.293408771,0.736716543,0.736716543,0.319998334,0.74,TRUE,0.74,LE,8,C,230,5,1.53211,0.88232,charred,42.41144565,10.67421669,,,,
104,C5LEN230-24B,#N/A,,131022,59.78227692,-26.22008391,0.048986042,130926,6.487178376,0.912980081,0.912980081,0.217700633,0.91,TRUE,0.91,LE,24,B,230,6,1.56617,0.8429,charred,46.18081051,10.75135994,,,,
103,C5LEN230-24A,#N/A,,131017,58.50769231,-25.53518277,0.048292498,130926,6.632653485,0.997870926,0.997870926,0.217567642,1,TRUE,1,LE,24,A,230,6,1.56617,0.8429,charred,46.18081051,10.2913524,,,,
105,C5LEN230-24C,#N/A,,131026,59.73708727,-25.97540924,0.074125032,130926,6.787304286,1.539435825,1.539435825,0.216864512,1.54,TRUE,1.54,LE,24,C,230,6,1.56617,0.8429,charred,46.18081051,10.26818094,,,,
162,C6LEN245-4C,#N/A,,131017,58.44925373,-25.72694559,0.048564981,130926,6.031064267,0.692912878,0.692912878,0.218073968,0.69,TRUE,0.69,LE,4,C,245,7,1.49022,0.83068,charred,44.25789481,11.30659416,,,,
160,C6LEN245-4A,#N/A,,131022,60.3849281,-26.57974336,0.049533571,130926,6.071294374,1.124238656,1.124238656,0.217381074,1.12,TRUE,1.12,LE,4,A,245,7,1.49022,0.83068,charred,44.25789481,11.60363482,,,,
161,C6LEN245-4B,#N/A,,131021,59.97578709,-26.48031595,0.051653063,130926,6.199420414,1.126150322,1.126150322,0.217378357,1.13,TRUE,1.13,LE,4,B,245,7,1.49022,0.83068,charred,44.25789481,11.2868215,,,,
164,C6LEN245-8B,#N/A,,131016,63.12318848,-26.15040691,0.047603315,130930,6.15431123,0.763228326,0.763228326,0.332264914,0.76,TRUE,0.76,LE,8,B,245,8,1.31942,0.7092,charred,46.24910946,11.96620014,,,,
163,C6LEN245-8A,#N/A,,131022,60.78789018,-26.08874905,0.048793557,130927,6.692505353,0.857194766,0.857194766,0.319364756,0.86,TRUE,0.86,LE,8,A,245,8,1.31942,0.7092,charred,46.24910946,10.59680964,,,,
165,C6LEN245-8C,#N/A,,131016,60.44309444,-26.34929111,0.047835106,130930,6.655221224,1.398235551,1.398235551,0.326873042,1.4,TRUE,1.4,LE,8,C,245,8,1.31942,0.7092,charred,46.24910946,10.59573245,,,,
159,C6LEN245-24C,#N/A,,131017,62.25857143,-25.91870841,0.048844378,130902,7.372080841,1.26035047,1.26035047,0.328602691,1.26,TRUE,1.26,LE,24,C,245,9,1.5564,0.74733,charred,51.98342328,9.852713443,,,,
158,C6LEN245-24B,#N/A,,131023,70.47459658,-26.05723522,0.083300667,131027,8.993540342,1.307336851,1.307336851,0.410385165,1.31,TRUE,1.31,LE,24,B,245,9,1.5564,0.74733,charred,51.98342328,9.142157544,,,,
157,C6LEN245-24A,#N/A,,131016,62.74280252,-26.41585103,0.047915264,130910,7.493178683,1.78752873,1.78752873,0.21017676,1.79,TRUE,1.79,LE,24,A,245,9,1.5564,0.74733,charred,51.98342328,9.768876383,,,,
214,C7LEN260-4A,#N/A,,131025,63.36501915,-25.75878113,0.072630007,130927,6.480491177,1.143234307,1.143234307,0.317873921,1.14,TRUE,1.14,LE,4,A,260,10,1.73374,0.89385,charred,48.44382664,11.40744639,,,,
215,C7LEN260-4B,#N/A,,131021,63.37028394,-26.18353738,0.051169912,130926,6.728168013,1.200030267,1.200030267,0.217275734,1.2,TRUE,1.2,LE,4,B,260,10,1.73374,0.89385,charred,48.44382664,10.98842921,,,,
216,C7LEN260-4C,#N/A,,131026,61.57050666,-25.89241718,0.073864849,130927,6.60167603,1.594012996,1.594012996,0.315563295,1.59,TRUE,1.59,LE,4,C,260,10,1.73374,0.89385,charred,48.44382664,10.88091228,,,,
218,C7LEN260-8B,#N/A,,131016,61.66269478,-26.75425906,0.048342551,130819,7.532954739,1.591167367,1.591167367,0.324029594,1.59,TRUE,1.59,LE,8,B,260,11,1.49895,0.74778,charred,50.11307916,9.550012322,,,,
217,C7LEN260-8A,#N/A,,131017,60.38695652,-25.95907953,0.048904069,130903,7.285588818,1.595974268,1.595974268,0.192742534,1.6,TRUE,1.6,LE,8,A,260,11,1.49895,0.74778,charred,50.11307916,9.669973291,,,,
219,C7LEN260-8C,#N/A,,131016,63.15812743,-26.39457989,0.047889507,130819,6.516729783,1.607426977,1.607426977,0.323907081,1.61,TRUE,1.61,LE,8,C,260,11,1.49895,0.74778,charred,50.11307916,11.30697212,,,,
212,C7LEN260-24B,#N/A,,131023,64.93353914,-26.64711265,0.08424431,131027,7.1784315,0.898044221,0.898044221,0.412862769,0.9,TRUE,0.9,LE,24,B,260,12,1.50684,0.70436,charred,53.25582013,10.55325187,,,,
211,C7LEN260-24A,#N/A,,131026,63.61657295,-26.07883452,0.074451567,130926,7.510235376,1.285734854,1.285734854,0.217162549,1.29,TRUE,1.29,LE,24,A,260,12,1.50684,0.70436,charred,53.25582013,9.882424636,,,,
213,C7LEN260-24C,#N/A,,131022,60.85889797,-26.13469333,0.048860434,130926,7.437700869,1.472215302,1.472215302,0.216938084,1.47,TRUE,1.47,LE,24,C,260,12,1.50684,0.70436,charred,53.25582013,9.546235978,,,,
273,LEN0-0C,#N/A,,131025,42.60279628,-26.27026328,0.073663751,130930,3.889951318,-0.069968306,-0.069968306,0.339558612,-0.07,TRUE,-0.07,LE,0,C,0,13,1.54484,1.54484,fresh,0,12.77734817,,,,
271,LEN0-0A,#N/A,,131026,41.23615197,-26.50358981,0.075818606,130930,4.088098564,-0.011797374,-0.011797374,0.339041612,-0.01,TRUE,-0.01,LE,0,A,0,13,1.54484,1.54484,fresh,0,11.76802448,,,,
272,LEN0-0B,#N/A,,131026,41.23201944,-26.12858281,0.07460953,130930,4.060936777,0.336383131,0.336383131,0.335971263,0.34,TRUE,0.34,LE,0,B,0,13,1.54484,1.54484,fresh,0,11.84554828,,,,
61,C4NB215-4A,#N/A,,131025,48.29929908,-28.09364208,0.077981104,130926,1.634710932,3.722122105,3.722122105,0.216605233,3.72,TRUE,3.72,NB,4,A,215,1,1.97168,1.41168,charred,28.4021748,34.47042603,,,,
63,C4NB215-4C,#N/A,,131021,51.13271899,-27.916968,0.054155044,130902,1.713083625,4.155619638,4.155619638,0.290358045,4.16,TRUE,4.16,NB,4,C,215,1,1.97168,1.41168,charred,28.4021748,34.82307456,,,,
62,C4NB215-4B,#N/A,,131016,48.47545609,-28.07948047,0.050318686,130910,1.575432057,9.003874275,9.003874275,0.209002345,9,TRUE,9,NB,4,B,215,1,1.97168,1.41168,charred,28.4021748,35.89789767,,,,
65,C4NB215-8B,#N/A,,131023,65.21840223,-28.01606968,0.086739221,131027,1.844636716,1.76523118,1.76523118,0.407771037,1.77,TRUE,1.77,NB,8,B,215,2,2.12588,1.26619,charred,40.43925339,41.24830396,,,,
66,C4NB215-8C,#N/A,,131023,81.04199138,-27.52270242,0.085792415,131027,2.373476708,2.452031133,2.452031133,0.40416906,2.45,TRUE,2.45,NB,8,C,215,2,2.12588,1.26619,charred,40.43925339,39.83565105,,,,
64,C4NB215-8A,#N/A,,131016,62.75938714,-27.9479841,0.050102001,130902,1.87873979,3.674530276,3.674530276,0.296579594,3.67,TRUE,3.67,NB,8,A,215,2,2.12588,1.26619,charred,40.43925339,38.97255245,,,,
60,C4NB215-24C,#N/A,,131026,59.96434979,-27.93957414,0.080725015,130903,2.135013117,3.98672634,3.98672634,0.185955138,3.99,TRUE,3.99,NB,24,C,215,3,2.32178,1.2505,charred,46.1404612,32.76720294,,,,
59,C4NB215-24B,#N/A,,131022,60.87091829,-27.6169133,0.051272099,130903,2.218864636,6.068406591,6.068406591,0.18079206,6.07,TRUE,6.07,NB,24,B,215,3,2.32178,1.2505,charred,46.1404612,32.00558979,,,,
58,C4NB215-24A,#N/A,,131022,65.92153617,-27.5854678,0.051216059,130903,2.3187179,8.995705174,8.995705174,0.174830329,9,TRUE,9,NB,24,A,215,3,2.32178,1.2505,charred,46.1404612,33.16852769,,,,
115,C5NB230-4A,#N/A,,131022,58.40325202,-27.85017483,0.051694022,130927,2.03055894,3.993264571,3.993264571,0.304105718,3.99,TRUE,3.99,NB,4,A,230,4,1.73741,1.023,charred,41.11925222,33.5558481,,,,
117,C5NB230-4C,#N/A,,131025,57.55954507,-28.07041464,0.077920327,130927,1.998664852,4.14983157,4.14983157,0.303409567,4.15,TRUE,4.15,NB,4,C,230,4,1.73741,1.023,charred,41.11925222,33.598831,,,,
116,C5NB230-4B,#N/A,,131022,59.47007828,-27.93622776,0.051852411,130927,1.811060322,6.532860173,6.532860173,0.293651433,6.53,TRUE,6.53,NB,4,B,230,4,1.73741,1.023,charred,41.11925222,38.31002047,,,,
118,C5NB230-8A,#N/A,,131016,57.23586943,-28.00574311,0.050196641,130819,2.161688849,2.900052296,2.900052296,0.315008326,2.9,TRUE,2.9,NB,8,A,230,5,2.20995,1.25212,charred,43.34170456,30.89028333,,,,
120,C5NB230-8C,#N/A,,131022,61.14947925,-28.03262368,0.052031562,130926,2.258333965,5.959847072,5.959847072,0.22059836,5.96,TRUE,5.96,NB,8,C,230,5,2.20995,1.25212,charred,43.34170456,31.59012804,,,,
119,C5NB230-8B,#N/A,,131025,59.47678478,-27.87916741,0.077425284,130903,2.256185765,6.860790433,6.860790433,0.179023113,6.86,TRUE,6.86,NB,8,B,230,5,2.20995,1.25212,charred,43.34170456,30.75526108,,,,
112,C5NB230-24A,#N/A,,131025,58.4804457,-27.88586986,0.07744247,130927,2.232476388,1.526771539,1.526771539,0.315904917,1.53,TRUE,1.53,NB,24,A,230,6,2.15194,1.06689,charred,50.42194485,30.56121311,,,,
113,C5NB230-24B,#N/A,,131023,61.62486847,-27.92921054,0.086568745,130910,2.189874691,3.80682391,3.80682391,0.205944723,3.81,TRUE,3.81,NB,24,B,230,6,2.15194,1.06689,charred,50.42194485,32.83095612,,,,
114,C5NB230-24C,#N/A,,131021,59.56109103,-27.73219845,0.053818861,130927,2.190012033,4.875487988,4.875487988,0.300269589,4.88,TRUE,4.88,NB,24,C,230,6,2.15194,1.06689,charred,50.42194485,31.72947842,,,,
171,C6NB245-4C,#N/A,,131026,61.70653386,-27.99247579,0.080913489,130902,2.040567658,1.787833492,1.787833492,0.321502711,1.79,TRUE,1.79,NB,4,C,245,7,2.04438,1.09452,charred,46.46200804,35.27986729,,,,
170,C6NB245-4B,#N/A,,131021,61.78603715,-28.01851944,0.054341532,130910,2.163063064,4.152106122,4.152106122,0.205519818,4.15,TRUE,4.15,NB,4,B,245,7,2.04438,1.09452,charred,46.46200804,33.32483051,,,,
169,C6NB245-4A,#N/A,,131017,60.18656716,-28.04828497,0.052377402,130902,2.058648225,5.808441439,5.808441439,0.269476985,5.81,TRUE,5.81,NB,4,A,245,7,2.04438,1.09452,charred,46.46200804,34.10862566,,,,
173,C6NB245-8B,#N/A,,131022,62.55327589,-27.99822259,0.051967419,130903,2.267255457,3.117742838,3.117742838,0.188320598,3.12,TRUE,3.12,NB,8,B,245,8,2.14522,1.08909,charred,49.23178042,32.18817785,,,,
172,C6NB245-8A,#N/A,,131026,62.25773795,-28.21647412,0.081717164,130902,2.183401521,4.159453496,4.159453496,0.290308706,4.16,TRUE,4.16,NB,8,A,245,8,2.14522,1.08909,charred,49.23178042,33.26645462,,,,
174,C6NB245-8C,#N/A,,131021,60.95733143,-28.08711587,0.054468184,130902,2.231342469,4.890577189,4.890577189,0.280973291,4.89,TRUE,4.89,NB,8,C,245,8,2.14522,1.08909,charred,49.23178042,31.87179362,,,,
166,C6NB245-24A,#N/A,,131026,62.78612245,-28.09035946,0.081263568,130910,2.54794107,4.399784797,4.399784797,0.205269823,4.4,TRUE,4.4,NB,24,A,245,9,1.99298,0.89301,charred,55.19222471,28.74888947,,,,
167,C6NB245-24B,#N/A,,131021,59.90418808,-27.89798157,0.054120311,130910,2.514198683,4.847707803,4.847707803,0.204934558,4.85,TRUE,4.85,NB,24,B,245,9,1.99298,0.89301,charred,55.19222471,27.7974131,,,,
168,C6NB245-24C,#N/A,,131022,64.74626852,-27.93980606,0.051859029,130926,2.382739149,6.390222989,6.390222989,0.221845541,6.39,TRUE,6.39,NB,24,C,245,9,1.99298,0.89301,charred,55.19222471,31.70188113,,,,
224,C7NB260-4B,#N/A,,131025,62.40031009,-27.9221218,0.077535631,130902,2.018439554,3.117032422,3.117032422,0.303861077,3.12,TRUE,3.12,NB,4,B,260,10,2.08956,1.04204,charred,50.13112808,36.06764523,,,,
225,C7NB260-4C,#N/A,,131025,60.67592322,-27.73410093,0.077056254,130926,2.300261537,3.203819231,3.203819231,0.216291964,3.2,TRUE,3.2,NB,4,C,260,10,2.08956,1.04204,charred,50.13112808,30.77414282,,,,
223,C7NB260-4A,#N/A,,131025,62.40714287,-28.017176,0.077781553,130902,2.242626788,4.356145996,4.356145996,0.287782691,4.36,TRUE,4.36,NB,4,A,260,10,2.08956,1.04204,charred,50.13112808,32.46564864,,,,
228,C7NB260-8C,#N/A,,131026,62.62785275,-28.01450098,0.08099211,130926,2.244384775,3.110457342,3.110457342,0.216260329,3.11,TRUE,3.11,NB,8,C,260,11,2.19667,1.06534,charred,51.50204628,32.55494736,,,,
226,C7NB260-8A,#N/A,,131025,63.33039727,-28.14500225,0.078115992,130926,2.222594332,3.20828397,3.20828397,0.216293667,3.21,TRUE,3.21,NB,8,A,260,11,2.19667,1.06534,charred,51.50204628,33.24289207,,,,
227,C7NB260-8B,#N/A,,131017,66.825,-28.06847053,0.052414389,130910,2.112003051,5.856674347,5.856674347,0.204733391,5.86,TRUE,5.86,NB,8,B,260,11,2.19667,1.06534,charred,51.50204628,36.91400917,,,,
222,C7NB260-24C,#N/A,,131023,67.19304564,-27.82341379,0.086363272,130910,2.381418889,2.459953633,2.459953633,0.208441247,2.46,TRUE,2.46,NB,24,C,260,12,2.06038,0.92322,charred,55.19176074,32.9181426,,,,
220,C7NB260-24A,#N/A,,131016,65.97768741,-27.94196665,0.050092189,130910,2.47560014,2.493550562,2.493550562,0.20836296,2.49,TRUE,2.49,NB,24,A,260,12,2.06038,0.92322,charred,55.19176074,31.09305393,,,,
221,C7NB260-24B,#N/A,,131022,65.23528559,-27.72076293,0.051458594,130903,2.684503486,3.410659013,3.410659013,0.187509935,3.41,TRUE,3.41,NB,24,B,260,12,2.06038,0.92322,charred,55.19176074,28.35080437,,,,
276,NB0-0C,#N/A,,131017,39.47692308,-28.05837775,0.052395888,130930,1.148746261,1.928891711,1.928891711,0.322483799,1.93,TRUE,1.93,NB,0,C,0,13,2.19039,2.19039,fresh,0,40.09276184,,,,
275,NB0-0B,#N/A,,131016,39.52619891,-27.96449836,0.050128974,130930,1.167861018,2.947676814,2.947676814,0.314371601,2.95,TRUE,2.95,NB,0,B,0,13,2.19039,2.19039,fresh,0,39.48577615,,,,
274,NB0-0A,#N/A,,131021,40.0016306,-28.30204973,0.054868536,130930,1.148383114,3.544803029,3.544803029,0.30981977,3.54,TRUE,3.54,NB,0,A,0,13,2.19039,2.19039,fresh,0,40.63850163,,,,
36,OAT2154C,#N/A,,181031,50.14274377,-27.2829509,0.083226222,181112,2.909000894,4.562549643,4.562549643,0.267638169,4.56,TRUE,4.56,oat,4,C,215,1,1714.4,1362.34,charred,20.5354643,20.10995178,,,,
35,OAT2154B,#N/A,,181031,51.21522703,-27.2292339,0.083180195,181112,3.490917205,4.988485691,4.988485691,0.266052598,4.99,TRUE,4.99,oat,4,B,215,1,1714.4,1362.34,charred,20.5354643,17.11616022,,,,
34,OAT2154A,#N/A,,181031,46.87165744,-27.68520246,0.083580854,181112,3.426021775,5.223494522,5.223494522,0.265244532,5.22,TRUE,5.22,oat,4,A,215,1,1714.4,1362.34,charred,20.5354643,15.961253,,,,
38,OAT2158D,#N/A,,181031,51.16084134,-28.20110571,0.084061146,181112,2.978819079,4.921517389,4.921517389,0.2662916,4.92,TRUE,4.92,oat,8,D,215,2,1510.05,1106.37,charred,26.73288964,20.0373526,,,,
39,OAT2158E,#N/A,,181031,49.54420084,-28.11874323,0.083982567,181112,2.558961785,5.219217576,5.219217576,0.26525881,5.22,TRUE,5.22,oat,8,E,215,2,1510.05,1106.37,charred,26.73288964,22.58789794,,,,
37,OAT2158A,#N/A,,181031,55.85548597,-27.35048152,0.083284532,181112,3.378703079,5.321323984,5.321323984,0.264922287,5.32,TRUE,5.32,oat,8,A,215,2,1510.05,1106.37,charred,26.73288964,19.28690747,,,,
33,OAT21524C,#N/A,,181031,66.16107329,-27.47903502,0.083396903,181112,3.680329138,4.860894343,4.860894343,0.266511282,4.86,TRUE,4.86,oat,24,C,215,3,1570.52,974.36,charred,37.95940198,20.97310212,,,,
32,OAT21524B,#N/A,,181031,62.49186622,-28.2975542,0.084154077,181112,3.629920387,4.892823998,4.892823998,0.266395184,4.89,TRUE,4.89,oat,24,B,215,3,1570.52,974.36,charred,37.95940198,20.08506234,,,,
31,OAT21524A,#N/A,,181031,57.37111166,-27.59081807,0.083496071,181112,3.219644326,5.4280695,5.4280695,0.264580206,5.43,TRUE,5.43,oat,24,A,215,3,1570.52,974.36,charred,37.95940198,20.78893096,,,,
44,OAT2304B,#N/A,not using 190228 ,181129,63.39593942,-27.66526646,0.087067341,181210 and da/db 190322,4.147110644,3.640480759,3.640480759,0.395131364,3.75,averging 181210 and 190322,3.64,oat,4,B,230,4,1561.33,984.12,charred,36.96912248,17.83456861,db/da,twice,190322 and 190228,
45,OAT2304C,#N/A,,181129,64.57444673,-27.42518628,0.086103507,181210,5.723336932,4.524825515,4.524825515,0.381629993,4.52,TRUE,4.52,oat,4,C,230,4,1561.33,984.12,charred,36.96912248,13.16309968,,,,
43,OAT2304A,#N/A,,181129,56.05681588,-27.23639142,0.085352332,181210,4.936040551,5.105638505,5.105638505,0.377917259,5.11,TRUE,5.11,oat,4,A,230,4,1561.33,984.12,charred,36.96912248,13.24940868,,,,
47,OAT2308B,#N/A,,181129,64.43575215,-27.01612796,0.08448371,181210,5.43080125,4.518295237,4.518295237,0.381678063,4.52,TRUE,4.52,oat,8,B,230,5,1496.39,876,charred,41.4591116,13.84234862,,,,
48,OAT2308D,#N/A,,181129,64.04208791,-27.7434147,0.087383107,181210,4.008558432,4.524523754,4.524523754,0.381632211,4.52,TRUE,4.52,oat,8,D,230,5,1496.39,876,charred,41.4591116,18.63906202,,,,
46,OAT2308A,#N/A,,181129,60.31669358,-27.09284209,0.084785273,181210,4.854923472,4.692243089,4.692243089,0.380445298,4.69,TRUE,4.69,oat,8,A,230,5,1496.39,876,charred,41.4591116,14.49445625,,,,
42,OAT23024C,#N/A,,181129,61.27163361,-27.28926628,0.085562099,181210,4.117097647,4.265106449,4.265106449,0.383648594,4.27,TRUE,4.27,oat,24,C,230,6,1461.53,824.42,charred,43.59198922,17.36261286,,,,
41,OAT23024B,#N/A,,181129,67.02055213,-26.97893577,0.084337882,181210,4.251835853,4.473776646,4.473776646,0.382009475,4.47,TRUE,4.47,oat,24,B,230,6,1461.53,824.42,charred,43.59198922,18.38985484,,,,
40,OAT23024A,#N/A,,181129,64.02802195,-26.90178962,0.084036186,181210,3.827612894,5.047240633,5.047240633,0.37823978,5.05,TRUE,5.05,oat,24,A,230,6,1461.53,824.42,charred,43.59198922,19.51591266,,,,
53,OAT2454B,#N/A,not using 190228 ,181206,63.33275936,-27.53895245,0.078690977,190208,3.688024976,3.281966221,3.281966221,0.293695381,3.28,TRUE,3.28,oat,4,B,245,7,1602.45,943.94,charred,41.09394989,14.70746943,190228,DB/DA,190208, but only using 190208
54,OAT2454C,#N/A,not using 190228 ,181206,58.5847873,-27.76946986,0.079436074,190208,3.690589322,3.63653938,3.63653938,0.291655459,3.64,TRUE,3.64,oat,4,C,245,7,1602.45,943.94,charred,41.09394989,18.87431291,190228,DB/DA,190208, but only using 190208
52,OAT2454A,#N/A,not using 190228 ,181206,65.80573891,-28.13512859,0.080632655,190208,3.633448256,3.924511462,3.924511462,0.290150802,3.92,TRUE,3.92,oat,4,A,245,7,1602.45,943.94,charred,41.09394989,15.43955712,190228,DB/DA,190208, but only using 190208
57,OAT2458C,#N/A,,181206,65.46910806,-27.65928496,0.079079016,190208,3.217712875,3.860683313,3.860683313,0.290472418,3.86,TRUE,3.86,oat,8,C,245,8,1596.71,937.32,charred,41.29679153,23.73755181,,,,
56,OAT2458B,#N/A,,181206,61.15719064,-27.05199751,0.077141581,190208,4.006063191,3.970057642,3.970057642,0.289925468,3.97,TRUE,3.97,oat,8,B,245,8,1596.71,937.32,charred,41.29679153,17.81051679,,,,
55,OAT2458A,#N/A,,181206,65.59836561,-27.16819695,0.077508199,190208,4.696632643,4.164634136,4.164634136,0.289002073,4.16,TRUE,4.16,oat,8,A,245,8,1596.71,937.32,charred,41.29679153,16.29495691,,,,
50,OAT24524B,#N/A,,181206,68.57058018,-27.33233609,0.078029416,190208,3.997459544,4.233068452,4.233068452,0.288692502,4.23,TRUE,4.23,oat,24,B,245,9,1515.03,799.83,charred,47.206986,20.01246275,,,,
51,OAT24524C,#N/A,,181206,61.83514136,-27.49445258,0.078547988,190208,4.445100188,4.245603108,4.245603108,0.288636661,4.25,TRUE,4.25,oat,24,C,245,9,1515.03,799.83,charred,47.206986,16.22933009,,,,
49,OAT24524A,#N/A,,181206,60.72353675,-27.59379698,0.078867587,190208,4.215931708,4.453334671,4.453334671,0.287750198,4.45,TRUE,4.45,oat,24,A,245,9,1515.03,799.83,charred,47.206986,16.80390744,,,,
63,OAT2604C,#N/A,,181213,59.12008056,-27.51580267,0.101209728,190214,4.159230469,3.662023348,3.662023348,0.378332205,3.66,TRUE,3.66,oat,4,C,260,10,1576.138,891.37,charred,43.44594192,16.58321842,,,,
62,OAT2604B,#N/A,,181213,69.55228563,-27.63139453,0.101466257,190214,4.104543202,4.029582527,4.029582527,0.374152782,4.03,TRUE,4.03,oat,4,B,260,10,1576.138,891.37,charred,43.44594192,19.76939436,,,,
61,OAT2604A,#N/A,,181213,73.88042013,-27.30035912,0.100738607,190214,4.794999312,4.877141231,4.877141231,0.365411691,4.88,TRUE,4.88,oat,4,A,260,10,1576.138,891.37,charred,43.44594192,17.9757739,,,,
65,OAT2608B,#N/A,,181213,64.86418189,-27.3343309,0.100812285,190214,5.127098258,4.299862799,4.299862799,0.371227023,4.3,TRUE,4.3,oat,8,B,260,11,1575.41,852.33,charred,45.89789325,14.75978713,,,,
64,OAT2608A,#N/A,,181213,64.26590263,-27.40749407,0.100971739,190214,4.724007184,4.678123475,4.678123475,0.367348604,4.68,TRUE,4.68,oat,8,A,260,11,1575.41,852.33,charred,45.89789325,15.87145901,,,,
66,OAT2608C,#N/A,,181213,73.40156882,-26.8501743,0.099784106,190214,5.286981856,4.835120115,4.835120115,0.365814616,4.84,TRUE,4.84,oat,8,C,260,11,1575.41,852.33,charred,45.89789325,16.19736287,,,,
58,OAT26024A,#N/A,,181213,70.74718676,-27.93118843,0.102143646,190214,4.270159418,3.700226567,3.700226567,0.37788723,3.7,TRUE,3.7,oat,24,A,260,12,1517.84,760.86,charred,49.87218679,19.32911081,,,,
60,OAT26024C,#N/A,DA/DB,181213,62.75332315,-27.35118449,0.100849162,190214,4.259614926,4.519058928,4.519058928,0.368973485,4.519058928,has to be 4.51 unless something wrong with Duplicate,4.52,oat,24,C,260,12,1517.84,760.86,charred,49.87218679,17.1875185,,,,
59,OAT26024B,#N/A,,181213,69.48930229,-27.07430341,0.100254205,190214,4.556978367,4.854904549,4.854904549,0.365624506,4.85,TRUE,4.85,oat,24,B,260,12,1517.84,760.86,charred,49.87218679,17.79048443,,,,
70,OAT3004A,#N/A,,181219,71.38764633,-27.53520028,0.074841504,190222,5.41312559,3.718023572,3.718023572,0.257446156,3.72,TRUE,3.72,oat,4,A,300,13,1705.54,816.05,charred,52.15298381,15.38585906,,,,
71,OAT3004B,#N/A,,181219,83.64808751,-26.72777031,0.072736981,190222,5.679515131,4.107681757,4.107681757,0.254599902,4.11,TRUE,4.11,oat,4,B,300,13,1705.54,816.05,charred,52.15298381,17.18270542,,,,
72,OAT3004C,#N/A,,181219,72.33536668,-27.17922006,0.073897104,190222,5.613829756,4.107470397,4.107470397,0.254601397,4.11,TRUE,4.11,oat,4,C,300,13,1705.54,816.05,charred,52.15298381,15.03274321,,,,
74,OAT3008B,#N/A,,181219,67.59692991,-27.45669418,0.074631044,190222,4.864666332,3.816201701,3.816201701,0.25671219,3.82,TRUE,3.82,oat,8,B,300,14,1543.28,702.77,charred,54.46257322,16.21140681,,,,
75,OAT3008C,#N/A,,181219,67.90371671,-26.55818472,0.072312413,190222,4.647038027,4.358520187,4.358520187,0.252863575,4.36,TRUE,4.36,oat,8,C,300,14,1543.28,702.77,charred,54.46257322,17.04763386,,,,
73,OAT3008A,#N/A,,181219,65.62222985,-27.17232781,0.073879073,190222,5.314440244,4.492302244,4.492302244,0.251968904,4.49,TRUE,4.49,oat,8,A,300,14,1543.28,702.77,charred,54.46257322,14.405895,,,,
68,OAT30024B,#N/A,,181219,68.57848245,-27.0918358,0.073669217,190222,4.374610671,3.837607186,3.837607186,0.256553659,3.84,TRUE,3.84,oat,24,B,300,15,1461.56,609.78,charred,58.27882536,18.28922287,,,,
69,OAT30024C,#N/A,DA/DB,181219,65.1402899,-27.62780925,0.075091447,190222,4.558705861,4.915319734,4.915319734,0.249295189,4.915319734,has to be 4.9,4.92,oat,24,C,300,15,1461.56,609.78,charred,58.27882536,16.67074104,,,,
67,OAT30024A,#N/A,,181219,54.36495598,-27.0213508,0.073486554,190222,4.347222949,5.122610057,5.122610057,0.248055323,5.12,TRUE,5.12,oat,24,A,300,15,1461.56,609.78,charred,58.27882536,14.5899538,,,,
30,OAT0C,#N/A,,190117,42.49391881,-27.4359613,0.282513431,200827,2.241869669,2.621818024,2.621818024,,2.62,TRUE,2.62,oat,0,C,0,16,910.4,910.4,fresh,0,23.68978016,,,,
28,OAT0A,#N/A,,190117,40.95941832,-27.3416745,0.281153848,200827,2.403391606,2.963414412,2.963414412,,2.96,TRUE,2.96,oat,0,A,0,16,910.4,910.4,fresh,0,21.84225951,,,,
29,OAT0B,#N/A,,190117,38.7613348,-27.94141109,0.289840818,200827,2.28627346,3.431096713,3.431096713,,3.43,TRUE,3.43,oat,0,B,0,16,910.4,910.4,fresh,0,22.18933274,,,,
71,C4PEA215-4B,#N/A,,131016,50.45634586,-27.47340082,0.049356872,130910,4.662140835,0.163921956,0.163921956,0.215650446,0.16,TRUE,0.16,PE,4,B,215,1,6.108,4.32008,charred,29.27177472,12.62633175,,,,
70,C4PEA215-4A,#N/A,,131017,43.22608696,-27.19039867,0.050863604,130926,4.579658827,0.414834873,0.414834873,0.218604422,0.41,TRUE,0.41,PE,4,A,215,1,6.108,4.32008,charred,29.27177472,11.01183225,,,,
72,C4PEA215-4C,#N/A,,131022,53.62415109,-27.51250162,0.051086801,130903,4.868849647,3.06466867,3.06466867,0.188468914,3.06,TRUE,3.06,PE,4,C,215,1,6.108,4.32008,charred,29.27177472,12.84934104,,,,
73,C4PEA215-8A,#N/A,,131016,55.93903575,-27.67846245,0.04967165,130910,5.19666146,0.606042813,0.606042813,0.213985065,0.61,TRUE,0.61,PE,8,A,215,2,6.14241,3.75692,charred,38.83638507,12.55848757,,,,
75,C4PEA215-8C,#N/A,,131026,56.57976299,-27.80864206,0.080260768,130902,5.061496478,0.929852866,0.929852866,0.333077373,0.93,TRUE,0.93,PE,8,C,215,2,6.14241,3.75692,charred,38.83638507,13.0415429,,,,
74,C4PEA215-8B,#N/A,,131022,58.19727295,-27.73725009,0.051488402,130910,5.320621464,1.635233023,1.635233023,0.210613972,1.64,TRUE,1.64,PE,8,B,215,2,6.14241,3.75692,charred,38.83638507,12.76106915,,,,
68,C4PEA215-24B,#N/A,,131026,58.77415259,-27.46168322,0.079046249,130927,5.886372654,0.82078977,0.82078977,0.319555854,0.82,TRUE,0.82,PE,24,B,215,3,5.46016,3.03592,charred,44.39869894,11.6489133,,,,
67,C4PEA215-24A,#N/A,,131026,61.6814182,-27.95860759,0.080792767,130903,5.70490096,1.273337286,1.273337286,0.193723922,1.27,TRUE,1.27,PE,24,A,215,3,5.46016,3.03592,charred,44.39869894,12.61400594,,,,
69,C4PEA215-24C,#N/A,,131016,59.81200054,-27.81557415,0.049888245,130910,5.076806799,1.319832676,1.319832676,0.211570485,1.32,TRUE,1.32,PE,24,C,215,3,5.46016,3.03592,charred,44.39869894,13.7449917,,,,
124,C5PEA230-4A,#N/A,,131026,56.49398343,-27.87203496,0.080485143,130903,5.63491235,0.711768845,0.711768845,0.19546734,0.71,TRUE,0.71,PE,4,A,230,4,5.67661,3.35292,charred,40.93446617,11.69665884,,,,
126,C5PEA230-4C,#N/A,,131021,58.00595394,-28.1312258,0.054549914,130926,5.254399355,0.771586696,0.771586696,0.217935773,0.77,TRUE,0.77,PE,4,C,230,4,5.67661,3.35292,charred,40.93446617,12.87941939,,,,
125,C5PEA230-4B,#N/A,,131025,57.69635893,-27.6859139,0.076934924,130926,5.207898983,1.413934571,1.413934571,0.217005022,1.41,TRUE,1.41,PE,4,B,230,4,5.67661,3.35292,charred,40.93446617,12.92506229,,,,
129,C5PEA230-8C,#N/A,,131025,61.16399184,-27.4779349,0.076418508,130902,5.908070654,0.919799261,0.919799261,0.333213795,0.92,TRUE,0.92,PE,8,C,230,5,6.10898,3.36757,charred,44.87508553,12.078053,,,,
128,C5PEA230-8B,#N/A,,131022,58.95317677,-27.72128312,0.051459533,130903,5.865781132,1.454049308,1.454049308,0.193172395,1.45,TRUE,1.45,PE,8,B,230,5,6.10898,3.36757,charred,44.87508553,11.72541298,,,,
127,C5PEA230-8A,#N/A,,131025,61.1764169,-27.92265519,0.077537004,130902,4.977686,2.711593216,2.711593216,0.309201984,2.71,TRUE,2.71,PE,8,A,230,5,6.10898,3.36757,charred,44.87508553,14.33848708,,,,
121,C5PEA230-24A,#N/A,,131023,63.6271375,-27.56720345,0.085875656,130903,6.247928116,0.982752093,0.982752093,0.194620522,0.98,TRUE,0.98,PE,24,A,230,6,5.77127,2.92179,charred,49.37353477,11.88100424,,,,
122,C5PEA230-24B,#N/A,,131025,61.83178541,-27.86964971,0.0774009,130902,6.283263992,1.649423707,1.649423707,0.323360608,1.65,TRUE,1.65,PE,24,B,230,6,5.77127,2.92179,charred,49.37353477,11.48082956,,,,
123,C5PEA230-24C,#N/A,,131026,62.34708085,-27.67979709,0.079807059,130903,6.355574771,2.260011439,2.260011439,0.19077035,2.26,TRUE,2.26,PE,24,C,230,6,5.77127,2.92179,charred,49.37353477,11.44479667,,,,
179,C6PEA245-4B,#N/A,,131017,61.14482759,-27.92717161,0.052156771,131027,4.999325707,0.524132468,0.524132468,0.415240392,0.52,TRUE,0.52,PE,4,B,245,7,6.47363,3.41681,charred,47.21956615,14.26905074,,,,
178,C6PEA245-4A,#N/A,,131022,69.06204296,-27.56493012,0.051179567,130903,6.103753541,0.839019206,0.839019206,0.195068408,0.84,TRUE,0.84,PE,4,A,245,7,6.47363,3.41681,charred,47.21956615,13.20046475,,,,
180,C6PEA245-4C,#N/A,,131023,79.9586081,-27.74297692,0.086208658,130910,5.778423318,1.376645633,1.376645633,0.211393133,1.38,TRUE,1.38,PE,4,C,245,7,6.47363,3.41681,charred,47.21956615,16.14368447,,,,
182,C6PEA245-8B,#N/A,,131023,65.92516211,-27.76599985,0.08625277,131027,6.412155882,0.809813884,0.809813884,0.413414052,0.81,TRUE,0.81,PE,8,B,245,8,6.15518,3.07307,charred,50.07343408,11.99482523,,,,
181,C6PEA245-8A,#N/A,,131022,61.22954765,-27.68417456,0.051392639,130910,5.776250214,1.326015374,1.326015374,0.211551077,1.33,TRUE,1.33,PE,8,A,245,8,6.15518,3.07307,charred,50.07343408,12.3669283,,,,
183,C6PEA245-8C,#N/A,,131023,67.13529882,-27.54899253,0.085841539,130926,6.369387505,1.458102708,1.458102708,0.216954025,1.46,TRUE,1.46,PE,8,C,245,8,6.15518,3.07307,charred,50.07343408,12.29702467,,,,
176,C6PEA245-24B,#N/A,,131017,61.45,-27.66475933,0.051686412,130910,6.783305963,1.640996923,1.640996923,0.210597131,1.64,TRUE,1.64,PE,24,B,245,9,6.14764,2.82293,charred,54.08107827,10.56883871,,,,
175,C6PEA245-24A,#N/A,,131026,62.8399225,-27.27356284,0.078397552,130910,6.372909222,2.077247132,2.077247132,0.209389817,2.08,TRUE,2.08,PE,24,A,245,9,6.14764,2.82293,charred,54.08107827,11.50388941,,,,
177,C6PEA245-24C,#N/A,,131023,65.21291785,-27.47570638,0.085704977,130903,6.679533728,2.650999623,2.650999623,0.189639775,2.65,TRUE,2.65,PE,24,C,245,9,6.14764,2.82293,charred,54.08107827,11.39027671,,,,
281,PEA0-0B,#N/A,,131026,40.24451322,-27.89133328,0.080553597,130903,3.416224034,1.224649955,1.224649955,0.193873312,1.22,TRUE,1.22,PE,0,B,0,10,6.07954,6.07954,fresh,0,13.74380943,,,,
282,PEA0-0C,#N/A,,131026,39.55311047,-27.29033184,0.07845509,130903,3.580983997,1.905942526,1.905942526,0.191813868,1.91,TRUE,1.91,PE,0,C,0,10,6.07954,6.07954,fresh,0,12.88620547,,,,
280,PEA0-0A,#N/A,,131023,40.52227802,-27.57591608,0.085892003,130910,3.164879651,2.154246421,2.154246421,0.209190611,2.15,TRUE,2.15,PE,0,A,0,10,6.07954,6.07954,fresh,0,14.93768997,,,,
231,C7PEA260-4A,#N/A,,131023,65.51724898,-27.9741364,0.086656719,131027,5.926649191,1.35721705,1.35721705,0.410092263,1.36,TRUE,1.36,PE,4,A,260,11,4.12726,1.98933,charred,51.80022582,12.89713429,,,,
232,C7PEA260-4B,#N/A,,131023,61.48285461,-27.99249308,0.086692789,131027,6.494955634,2.082448339,2.082448339,0.406059307,2.08,TRUE,2.08,PE,4,B,260,11,4.12726,1.98933,charred,51.80022582,11.04395489,,,,
234,C7PEA260-8B,#N/A,,131026,62.08222997,-27.56844983,0.079417515,130903,6.243977277,1.746890401,1.746890401,0.192288639,1.75,TRUE,1.75,PE,8,B,260,12,4.1148,1.92322,charred,53.26091183,11.59986097,,,,
233,C7PEA260-8A,#N/A,,131016,72.2210461,-28.23189715,0.050575261,130910,7.315523532,2.689877655,2.689877655,0.207921682,2.69,TRUE,2.69,PE,8,A,260,12,4.1148,1.92322,charred,53.26091183,11.51768383,,,,
229,C7PEA260-24A,#N/A,,131017,66.38636364,-27.45281095,0.051314334,130910,6.842440764,2.507831192,2.507831192,0.208329928,2.51,TRUE,2.51,PE,24,A,260,13,4.078,1.76786,charred,56.64884747,11.31917107,,,,
230,C7PEA260-24B,#N/A,,131021,64.08089692,-27.76028837,0.053869707,130926,6.428853231,3.111638636,3.111638636,0.216260682,3.11,TRUE,3.11,PE,24,B,260,13,4.078,1.76786,charred,56.64884747,11.62898634,,,,
95,RYE2154E,1.673764914,not using 190228 ,181031,47.38589472,-25.78553174,0.082062899,181112,1.445875133,3.769880543,3.769880543,0.270995572,3.77,TRUE,3.77,rye,4,E,215,1,1309.28,994.88,charred,24.01319809,42.33074995,,,,
94,RYE2154C,1.935192161,not using 190228 ,181031,42.30934627,-25.62407343,0.081952439,181112,1.380744398,3.888653257,3.888653257,0.270459371,3.89,TRUE,3.89,rye,4,C,215,1,1309.28,994.88,charred,24.01319809,44.28191553,,,,
93,RYE2154B,2.265098033,not using 190228 ,181031,43.95258208,-25.77702964,0.082056943,181112,1.432668851,3.967638551,3.967638551,0.270109195,3.97,TRUE,3.97,rye,4,B,215,1,1309.28,994.88,charred,24.01319809,38.20212699,,,,
97,RYE2158C,1.804810963,not using 190228 ,181031,48.40876535,-25.88101167,0.082129507,181112,1.45463054,3.586436543,3.586436543,0.271846317,3.59,TRUE,3.59,rye,8,C,215,2,1367.11,1008.17,charred,26.25538545,40.102005,,,,
96,RYE2158B,2.457597013,not using 190228 ,181031,45.21146001,-26.03039395,0.082235899,181112,1.399550234,4.34983502,4.34983502,0.268487698,4.35,TRUE,4.35,rye,8,B,215,2,1367.11,1008.17,charred,26.25538545,37.67540713,,,,
98,RYE2158E,3.525593207,not using 190228 ,181031,43.70081381,-25.6846581,0.081993513,181112,1.426897759,5.519361206,5.519361206,0.26429557,5.52,TRUE,5.52,rye,8,E,215,2,1367.11,1008.17,charred,26.25538545,32.81472169,,,,
92,RYE21524C,2.195280041,190402 and 181031 ,185716.5,64.28368166,-26.06087947,0.072376483,181112,1.845735323,4.175881505,4.175881505,0.269210648,4.18,TRUE,4.18,rye,24,C,215,3,1260.24,764.62,charred,39.3274297,45.77932228,,,,
90,RYE21524A,3.681029904,190402 and 181031 ,185716.5,50.62846116,-24.99637328,0.070499562,181112,1.997766856,5.676192305,5.676192305,0.263823711,5.68,TRUE,5.68,rye,24,A,215,3,1260.24,764.62,charred,39.3274297,40.07520881,,,,
91,RYE21524B,3.793253015,190402 and 181031 ,185716.5,85.72833681,-24.85490151,0.070114206,181112,2.195270994,5.83519579,5.83519579,0.263367512,5.84,TRUE,5.84,rye,24,B,215,3,1260.24,764.62,charred,39.3274297,35.19174737,not dAs - not using low value from 190228?,,,
103,RYE2304B,,not using 190228 ,181129,51.8787542,-25.7642876,0.079718614,181210,2.488514939,4.035961762,4.035961762,0.385609656,4.04,TRUE,4.04,rye,4,B,230,4,1199.55,777.88,charred,35.1523488,15.18214001,,,,
104,RYE2304E,,da/db,181129,56.80593376,-25.27898158,0.077957306,181210,2.2946921,4.205826822,4.205826822,0.384165838,4.205826822,DA/DB average,4.21,rye,4,E,230,4,1199.55,777.88,charred,35.1523488,35.93940151,,,,
102,RYE2304A,,not using 190228 ,181129,56.59867753,-25.39296974,0.078366345,181210,3.227693497,6.213413115,6.213413115,0.373998178,6.21,TRUE,6.21,rye,4,A,230,4,1199.55,777.88,charred,35.1523488,16.75311228,,,,
105,RYE2308A,,,181129,61.84891946,-25.22253447,0.077755818,181210,2.870117465,4.263498291,4.263498291,0.383661772,4.26,TRUE,4.26,rye,8,A,230,5,1378.23,772.26,charred,43.96726236,32.2799102,,,,
107,RYE2308C,,not using 190228 ,181129,50.50477487,-24.6333366,0.075697119,181210,2.961457191,4.83280619,4.83280619,0.37952193,4.83,TRUE,4.83,rye,8,C,230,5,1378.23,772.26,charred,43.96726236,23.91772921,,,,
106,RYE2308B,,,181129,60.63415545,-25.36956087,0.078282105,181210,2.60405181,5.3198024,5.3198024,0.376832804,5.32,TRUE,5.32,rye,8,B,230,5,1378.23,772.26,charred,43.96726236,32.62698086,,,,
99,RYE23024A,,not using 190228 ,181129,66.52515563,-25.28189959,0.077967731,181210,2.83197265,4.98542496,4.98542496,0.378593637,4.99,TRUE,4.99,rye,24,A,230,6,1317.36,655.14,charred,50.26871926,24.96271942,,,,
101,RYE23024C,,not using 190228 ,181129,59.30053982,-25.05685436,0.077168657,181210,2.52230443,4.992480854,4.992480854,0.378552599,4.99,TRUE,4.99,rye,24,C,230,6,1317.36,655.14,charred,50.26871926,12.46996732,,,,
100,RYE23024B,,not using 190228 ,181129,61.16668977,-25.13976381,0.077461694,181210,2.840089734,5.021985655,5.021985655,0.378382803,5.02,TRUE,5.02,rye,24,B,230,6,1317.36,655.14,charred,50.26871926,16.88579786,,,,
113,RYE2454C,#N/A,,181206,61.57455433,-25.46532232,0.072347654,200825,2.545942125,2.727279405,2.727279405,0.404359434,2.73,TRUE,2.73,rye,4,C,245,7,1254.2,674.38,charred,46.23026631,36.45246774,,,,
111,RYE2454A,#N/A,,181206,61.87366082,-25.5344956,0.072547847,200825,2.394457232,3.495901816,3.495901816,0.403059218,3.5,TRUE,3.5,rye,4,A,245,7,1254.2,674.38,charred,46.23026631,59.09567891,,,,
112,RYE2454B,#N/A,,181206,60.27564151,-25.45739584,0.072324769,200825,2.439873414,3.895736831,3.895736831,0.402665552,3.9,TRUE,3.9,rye,4,B,245,7,1254.2,674.38,charred,46.23026631,33.62055111,,,,
114,RYE2458B,#N/A,DA/DB,181206,65.61020412,-25.28037739,0.071816637,200825,2.383249748,2.723107349,2.723107349,0.404369469,2.723107349,DA/DB average,2.72,rye,8,B,245,8,1050.01,536.86,charred,48.87096313,35.99337055,,,,
115,RYE2458C,#N/A,,181206,57.50119231,-25.7986652,0.073320358,200825,2.364578885,3.000610967,3.000610967,0.403815412,3,TRUE,3,rye,8,C,245,8,1050.01,536.86,charred,48.87096313,32.01871069,,,,
116,RYE2458D,#N/A,,181206,63.66420673,-24.75367416,0.070339151,190208,2.507338698,4.98567036,4.98567036,0.285817658,4.99,TRUE,4.99,rye,8,D,245,8,1050.01,536.86,charred,48.87096313,29.62300542,,,,
121,RYE2604B,#N/A,just using200827 as 190214 has low nug,181213,53.41597091,-25.83872024,0.097792557,200827,2.012884936,1.759916107,1.759916107,,1.76,FALSE,1.76,rye,4,B,260,10,1266.09,632.93,charred,50.00908308,28.14228682,,,,
122,RYE2604C,#N/A,just using200827 as 190214 has low nug,181213,65.95792596,-25.14128578,0.096548034,200827,2.305622312,3.660707665,3.660707665,,3.66,FALSE,3.66,rye,4,C,260,10,1266.09,632.93,charred,50.00908308,32.95908882,,,,
120,RYE2604A,#N/A,,181213,65.07902535,-25.2481884,0.096731768,190214,2.611998233,4.461134074,4.461134074,0.36954224,4.46,TRUE,4.46,rye,4,A,260,10,1266.09,632.93,charred,50.00908308,29.06798657,,,,
124,RYE2608B,#N/A,,181213,57.6421443,-25.21277265,0.096670614,190214,2.920878047,3.287576193,3.287576193,0.38282054,3.29,TRUE,3.29,rye,8,B,260,11,1160.39,544.6,charred,53.06750317,23.02361388,,,,
125,RYE2608C,#N/A,DA/DB,181213,67.37113086,-25.20256698,0.096653044,190214,2.830085551,4.227763309,2.723107349,0.372010612,2.723107349,DA/DB average,2.72,rye,8,C,260,11,1160.39,544.6,charred,53.06750317,27.77288928,,,,
123,RYE2608A,#N/A,,181213,67.0078852,-25.48053009,0.097139924,190214,2.930725753,4.419073364,4.419073364,0.369977203,4.42,TRUE,4.42,rye,8,A,260,11,1160.39,544.6,charred,53.06750317,26.67457574,,,,
118,RYE26024B,#N/A,not using 190122A,181213,65.23859275,-25.33882382,0.096889554,190214,2.38018851,2.845795084,2.845795084,0.388404285,2.85,TRUE,2.85,rye,24,B,260,12,1308.68,544.31,charred,58.40770853,31.97716954,,,,
117,RYE26024A,#N/A,not using 190122A,181213,65.06767517,-25.8023929,0.097725088,190214,2.422366677,3.475996217,3.475996217,0.380533438,3.48,TRUE,3.48,rye,24,A,260,12,1308.68,544.31,charred,58.40770853,31.33806637,,,,
119,RYE26024C,#N/A,,181213,66.05231986,-25.31927634,0.096855383,190214,2.575672047,4.571495738,4.571495738,0.36841597,4.57,TRUE,4.57,rye,24,C,260,12,1308.68,544.31,charred,58.40770853,29.91880893,,,,
130,RYE3004B,#N/A,not using 190122A,181219,70.41117123,-25.55107632,0.069924679,190222,2.711372914,2.93413335,2.93413335,0.263699161,2.93,TRUE,2.93,rye,4,B,300,13,1410.64,570.16,charred,59.58146657,30.29696359,,,,
131,RYE3004C,#N/A,,181219,68.0178549,-25.36184695,0.069502753,190222,2.677614485,3.033017074,3.033017074,0.26287281,3.03,TRUE,3.03,rye,4,C,300,13,1410.64,570.16,charred,59.58146657,29.63614236,,,,
129,RYE3004A,#N/A,not using 190122A,181219,66.40682971,-25.15640686,0.069054693,190222,2.61511845,3.495812881,3.495812881,0.259148495,3.5,TRUE,3.5,rye,4,A,300,13,1410.64,570.16,charred,59.58146657,29.62566941,,,,
133,RYE3008B,#N/A,,181219,70.34850152,-25.23950914,0.069234669,190222,2.558755206,3.154973454,3.154973454,0.261868322,3.15,TRUE,3.15,rye,8,B,300,14,1251.59,478.18,charred,61.79419778,32.0754606,,,,
132,RYE3008A,#N/A,,181219,66.81856807,-25.60638329,0.070049643,190222,2.399921588,3.28322367,3.28322367,0.260829675,3.28,TRUE,3.28,rye,8,A,300,14,1251.59,478.18,charred,61.79419778,32.48230962,,,,
134,RYE3008C,#N/A,,181219,69.36553866,-25.25959927,0.069278438,190222,3.04097103,3.42760469,3.42760469,0.259682343,3.43,TRUE,3.43,rye,8,C,300,14,1251.59,478.18,charred,61.79419778,26.61204628,,,,
127,RYE30024B,#N/A,not using 190122A,181219,71.42731354,-25.25123952,0.069260213,190222,4.624377945,2.654620523,2.654620523,0.266091719,2.65,TRUE,2.65,rye,24,B,300,15,1278.56,408.5,charred,68.04999374,18.02012439,,,,
128,RYE30024C,#N/A,Da/DB,181219,67.61696821,-25.10624532,0.068946918,190222,4.826937206,3.30947326,3.30947326,0.260620281,3.30947326,FALSE,3.31,rye,24,C,300,15,1278.56,408.5,charred,68.04999374,16.3429644,,,,
126,RYE30024A,#N/A,not using 190122A,181219,72.30977534,-25.489629,0.06978671,190222,4.188624753,4.405992071,4.405992071,0.252543586,4.41,TRUE,4.41,rye,24,A,300,15,1278.56,408.5,charred,68.04999374,20.14059734,,,,
89,RYE0C,#N/A,"not using 190122A , also average of 190402 and 190117 for C",190259.5,33.45971965,-24.89035155,0.153170373,190405,1.62857425,3.353983843,3.353983843,0.392668591,3.35,TRUE,3.35,rye,0,C,0,16,1627.4,1627.4,fresh,0,30.48714852,,,,
87,RYE0A,#N/A,also average of 190402 and 190117 for C,190259.5,40.70540803,-25.61662021,0.159106867,190405,1.417245323,3.734427714,3.734427714,0.386997767,3.73,TRUE,3.73,rye,0,A,0,16,1627.4,1627.4,fresh,0,46.31099615,,,,
88,RYE0B,#N/A,also average of 190402 and 190117 for C,190259.5,37.69578645,-25.82604767,0.160929011,190405,1.221305395,4.082014977,4.082014977,0.382050955,4.08,TRUE,4.08,rye,0,B,0,16,1627.4,1627.4,fresh,0,39.5156128,,,,
86,RYE24524C,#N/A,,190308,57.24574527,-25.65776175,0.073259561,190322,2.635236414,3.842234765,3.842234765,0.39498585,3.84,TRUE,3.84,rye,24,C,245,9,1261.9,554.28,charred,56.07575878,25.34372342,,,,
85,RYE24524B,#N/A,,190308,63.31922829,-25.49496423,0.073122809,190322,3.080853049,4.567550644,4.567550644,0.38540673,4.57,TRUE,4.57,rye,24,B,245,9,1261.9,554.28,charred,56.07575878,23.97791516,,,,
84,RYE24524A,#N/A,,190308,68.35645887,-25.12486514,0.072867464,190322,2.764362977,4.705266819,4.705266819,0.383676807,4.71,TRUE,4.71,rye,24,A,245,9,1261.9,554.28,charred,56.07575878,28.84903418,,,,
145,SPT2154B,#N/A,,181031,50.42485745,-26.93169807,0.082930972,181112,2.120022874,6.338267102,6.338267102,0.262072644,6.34,TRUE,6.34,spelt,4,B,215,1,2780.5,2242.28,charred,19.35695019,27.74922906,,,,
144,SPT2154A,#N/A,,181031,43.17104542,-27.77070411,0.083658486,181112,2.257882806,7.239298419,7.239298419,0.260325676,7.24,TRUE,7.24,spelt,4,A,215,1,2780.5,2242.28,charred,19.35695019,22.3068352,,,,
146,SPT2154C,#N/A,,181031,45.6861399,-27.35416014,0.083287723,181112,2.364611602,7.278452641,7.278452641,0.2602666,7.28,TRUE,7.28,spelt,4,C,215,1,2780.5,2242.28,charred,19.35695019,22.54090967,,,,
149,SPT2158C,#N/A,Da/DB C,181031,64.55999164,-27.04441979,0.083024269,181112,1.761348838,6.213301907,6.213301907,0.262373115,6.21,TRUE,6.21,spelt,8,C,215,2,2757.69,1928.8,charred,30.05740312,42.76267633,,,,
147,SPT2158A,#N/A,,181031,51.57609381,-27.15498358,0.083117092,181112,2.916498091,7.177086505,7.177086505,0.260422441,7.18,TRUE,7.18,spelt,8,A,215,2,2757.69,1928.8,charred,30.05740312,20.63162997,,,,
148,SPT2158B,#N/A,,181031,62.28882516,-27.5228635,0.083435625,181112,2.946103183,7.522711598,7.522711598,0.25992997,7.52,TRUE,7.52,spelt,8,B,215,2,2757.69,1928.8,charred,30.05740312,24.66658209,,,,
143,SPT21524C,#N/A,Da/DB C,181031,55.36014801,-27.38595842,0.083315601,181112,2.94480302,6.985503308,6.985503308,0.260742759,6.99,TRUE,6.99,spelt,24,C,215,3,2710.15,1608.74,charred,40.64018597,21.93248204,,,,
142,SPT21524B,#N/A,,181031,61.69535031,-27.70859606,0.083602017,181112,3.71595023,7.741405322,7.741405322,0.259675355,7.74,TRUE,7.74,spelt,24,B,215,3,2710.15,1608.74,charred,40.64018597,19.36998728,,,,
141,SPT21524A,#N/A,,181031,63.80832982,-27.54778183,0.083457732,181112,3.600689843,7.848070062,7.848070062,0.259567248,7.85,TRUE,7.85,spelt,24,A,215,3,2710.15,1608.74,charred,40.64018597,20.67466366,,,,
154,SPT2304B,#N/A,,181129,61.32930905,-27.25790321,0.085437616,181210,3.267573083,6.274534232,6.274534232,0.373904966,6.27,TRUE,6.27,spelt,4,B,230,4,2644.56,1679.74,charred,36.48319569,21.89724873,,,,
155,SPT2304C,#N/A,,181129,53.35521791,-27.15445153,0.085028209,181210,3.701909356,6.355121856,6.355121856,0.37380189,6.36,TRUE,6.36,spelt,4,C,230,4,2644.56,1679.74,charred,36.48319569,16.81504009,,,,
153,SPT2304A,#N/A,,181129,56.86251385,-27.46790531,0.086274311,181210,3.154139739,6.759640561,6.759640561,0.3736256,6.76,TRUE,6.76,spelt,4,A,230,4,2644.56,1679.74,charred,36.48319569,21.03254928,,,,
157,SPT2308B,#N/A,,181129,65.182099,-27.23191527,0.085334596,181210,3.155871845,6.626072389,6.626072389,0.373620863,6.63,TRUE,6.63,spelt,8,B,230,5,2658.01,1510.65,charred,43.16612804,24.09660021,,,,
156,SPT2308A,#N/A,,181206,60.46593387,-27.35374105,0.078097672,181210,3.55696379,6.880185792,6.880185792,0.373683161,6.88,TRUE,6.88,spelt,8,A,230,5,2658.01,1510.65,charred,43.16612804,19.83252956,,,,
158,SPT2308D,#N/A,Da/DA both,181129,66.42397373,-27.05814892,0.08464885,181210,3.086805467,6.806863889,6.806863889,0.373642624,6.79,FALSE,6.81,spelt,8,D,230,5,2658.01,1510.65,charred,43.16612804,25.10512465,,,,
150,SPT23024A,#N/A,,181129,57.59868886,-27.2077939,0.085239079,181210,4.822783485,6.876772617,6.876772617,0.373680836,6.88,TRUE,6.88,spelt,24,A,230,6,2790.49,1439.43,charred,48.41658633,13.93354492,,,,
151,SPT23024B,#N/A,,181129,61.22591808,-26.82533426,0.083738249,181210,4.510884267,7.031727202,7.031727202,0.37382721,7.03,TRUE,7.03,spelt,24,B,230,6,2790.49,1439.43,charred,48.41658633,15.83508544,,,,
152,SPT23024C,#N/A,Da/DA both,181129,62.11653212,-27.12164728,0.084898867,181210,4.124146464,6.9361174,6.9361174,0.373749826,7.05,FALSE,6.94,spelt,24,C,230,6,2790.49,1439.43,charred,48.41658633,17.57194807,Duplicated,,,
162,SPT2454B,#N/A,,181206,64.31302771,-27.33942483,0.078052013,190208,3.447664688,6.426671087,6.426671087,0.283092582,6.43,TRUE,6.43,spelt,4,B,245,7,2923.83,1487.87,charred,49.11229449,21.76309835,,,,
163,SPT2454C,#N/A,,181206,62.70594695,-27.38033832,0.078182576,190208,3.142112927,6.49357932,6.49357932,0.283056317,6.49,TRUE,6.49,spelt,4,C,245,7,2923.83,1487.87,charred,49.11229449,23.28272083,,,,
164,SPT2454D,#N/A,,181206,63.22570964,-27.03180052,0.077078244,190208,3.027284647,6.215022198,6.215022198,0.283290181,6.22,TRUE,6.22,spelt,4,D,245,7,2923.83,1487.87,charred,49.11229449,24.36616854,,,,
166,SPT2458B,#N/A,,181206,68.37783789,-26.97415835,0.076897106,190208,3.291222665,6.296710249,6.296710249,0.283186049,6.3,TRUE,6.3,spelt,8,B,245,8,2737.37,1456.61,charred,46.78797532,24.2384525,,,,
167,SPT2458C,#N/A,,181206,69.28442369,-27.38320238,0.078191724,190208,3.2349972,6.711611238,6.711611238,0.28299409,6.71,TRUE,6.71,spelt,8,C,245,8,2737.37,1456.61,charred,46.78797532,24.98667623,,,,
165,SPT2458A,#N/A,,181206,65.39979068,-27.3901103,0.078213795,190208,3.394136293,7.020318285,7.020318285,0.283052486,7.02,TRUE,7.02,spelt,8,A,245,8,2737.37,1456.61,charred,46.78797532,22.47987388,,,,
160,SPT24524B,#N/A,not using 190228 ,181206,65.66056882,-26.93532781,0.076775486,190208,3.652747677,5.101271678,5.101271678,0.285463175,5.1,TRUE,5.1,spelt,24,B,245,9,2587.1,1234.58,charred,52.27938619,23.1980225,duplicated plus extra,average of all three,,
159,SPT24524A,#N/A,,181206,66.2175626,-27.09452535,0.077275529,190208,4.087335822,6.442113917,6.442113917,0.283083497,6.44,TRUE,6.44,spelt,24,A,245,9,2587.1,1234.58,charred,52.27938619,18.90077703,,,,
161,SPT24524C,#N/A,,181206,61.12773895,-26.70698718,0.076064914,190208,3.792118672,6.519837759,6.519837759,0.283044287,6.52,TRUE,6.52,spelt,24,C,245,9,2587.1,1234.58,charred,52.27938619,18.80629316,,,,
171,SPT2604A,#N/A,,181213,75.80268278,-26.98981645,0.1000758,190208,3.524317944,5.816875352,5.816875352,0.357270414,5.82,TRUE,5.82,spelt,4,A,260,10,2683.39,1418.53,charred,47.13664432,25.09321368,,,,
172,SPT2604B,#N/A,,181213,69.24831487,-27.17877756,0.100476804,190214,3.400234312,6.073642114,6.073642114,0.355344123,6.07,TRUE,6.07,spelt,4,B,260,10,2683.39,1418.53,charred,47.13664432,23.76003924,,,,
173,SPT2604C,#N/A,da/db,181213,63.08643282,-27.30885284,0.100757007,190214,3.535092772,6.126851166,6.126851166,0.35499939,6.13,TRUE,6.13,spelt,4,C,260,10,2683.39,1418.53,charred,47.13664432,20.82005849,,,,
174,SPT2608A,#N/A,,181213,64.31264933,-26.88089305,0.099847933,190214,3.892602058,6.15840298,6.15840298,0.354737138,6.16,TRUE,6.16,spelt,8,A,260,11,2583.47,1313.97,charred,49.13933585,19.27539037,,,,
176,SPT2608C,#N/A,,181213,64.53110529,-27.60057162,0.101397598,190214,4.091445279,6.220828993,6.220828993,0.354299345,6.22,TRUE,6.22,spelt,8,C,260,11,2583.47,1313.97,charred,49.13933585,18.40090344,,,,
175,SPT2608B,#N/A,,181213,58.58792038,-27.11775971,0.100346529,190214,3.918202861,6.610387167,6.610387167,0.351746464,6.61,TRUE,6.61,spelt,8,B,260,11,2583.47,1313.97,charred,49.13933585,17.44487873,,,,
168,SPT26024A,#N/A,,181213,57.70645442,-27.68845057,0.101593839,190214,4.18931417,6.307738975,6.307738975,0.35370297,6.31,TRUE,6.31,spelt,24,A,260,12,2762.57,1279.25,charred,53.69348107,16.07045786,,,,
169,SPT26024B,#N/A,,181213,63.88160872,-26.95857757,0.100010202,190214,3.872523199,6.309277581,6.309277581,0.353692551,6.31,TRUE,6.31,spelt,24,B,260,12,2762.57,1279.25,charred,53.69348107,19.24547374,,,,
170,SPT26024C,#N/A,Da/DB C,181213,54.38008128,-27.3937978,0.100942237,190214,3.89435826,6.372750922,6.372750922,0.353266889,6.37,TRUE,6.37,spelt,24,C,260,12,2762.57,1279.25,charred,53.69348107,16.2911124,,,,
180,SPT3004A,#N/A,,181219,69.02668047,-26.883885,0.0731333,190222,3.636459453,5.36717761,5.36717761,0.246674187,5.37,TRUE,5.37,spelt,4,A,300,13,2845.63,1250.25,charred,56.06421074,22.14547646,,,,
181,SPT3004B,#N/A,,181219,65.82073991,-26.65933641,0.072564901,190222,4.02949227,6.205887503,6.205887503,0.242544142,6.21,TRUE,6.21,spelt,4,B,300,13,2845.63,1250.25,charred,56.06421074,19.05720574,,,,
182,SPT3004C,#N/A,,181219,64.12973558,-26.90939209,0.073198547,190222,4.486008587,6.269426843,6.269426843,0.242270419,6.27,TRUE,6.27,spelt,4,C,300,13,2845.63,1250.25,charred,56.06421074,16.67808329,,,,
184,SPT3008B,#N/A,,181219,72.65529263,-27.08649672,0.073655345,190222,4.091012161,5.920214707,5.920214707,0.243843676,5.92,TRUE,5.92,spelt,8,B,300,14,2674.97,1121.49,charred,58.07467,20.71969105,,,,
183,SPT3008A,#N/A,,181219,61.14999406,-26.73262471,0.072749226,190222,3.87818619,6.080164585,6.080164585,0.243102223,6.08,TRUE,6.08,spelt,8,A,300,14,2674.97,1121.49,charred,58.07467,18.39562523,,,,
185,SPT3008C,#N/A,,181219,67.24083182,-27.70146405,0.075291235,190222,5.039806293,6.608441742,6.608441742,0.240905353,6.61,TRUE,6.61,spelt,8,C,300,14,2674.97,1121.49,charred,58.07467,15.56560561,,,,
178,SPT30024B,#N/A,,181219,65.89323417,-26.99489435,0.073418259,190222,5.51457054,5.668838628,5.668838628,0.24507935,5.67,TRUE,5.67,spelt,24,B,300,15,2608.59,938.12,charred,64.03727684,13.94042189,,,,
177,SPT30024A,#N/A,,181219,59.980314,-26.55416231,0.072302419,190222,5.522102314,5.985988081,5.985988081,0.243534537,5.99,TRUE,5.99,spelt,24,A,300,15,2608.59,938.12,charred,64.03727684,12.67217248,,,,
179,SPT30024C,#N/A,Da/DA both,181219,65.60832587,-26.88176694,0.073128294,190222,5.635679325,6.10124238,6.10124238,0.243010483,6.1,TRUE,6.1,spelt,24,C,300,15,2608.59,938.12,charred,64.03727684,13.58186696,Duplicated,,,
138,SPT0A,#N/A,not using 190122A,190117,43.37972714,-26.97032288,0.275822445,200827,1.952478716,5.382926378,5.382926378,NA,6.59,FALSE,5.38,spelt,0,A,0,16,1627.4,1627.4,fresh,0,25.71598139,,,,
139,SPT0B,#N/A,not using 190122A,190117,39.48200722,-27.67850743,0.286021507,200827,2.038118904,6.017594675,6.017594675,NA,6.02,TRUE,6.02,spelt,0,B,0,16,1627.4,1627.4,fresh,0,24.92075742,,,,
140,SPT0C,#N/A,not using 190122A and a da/db,190117,45.35377806,-26.96712263,0.275776665,200827,2.08547442,4.87962469,4.87962469,NA,5.08,FALSE,4.88,spelt,0,C,0,16,1627.4,1627.4,fresh,0,25.08673917,,,,