,ID,ID,ID,RunfileC,pcC,normd13C,d13Csd,RunfileN,pcN,normd15N,d15Nsd,,RunfileC,pcC,normd13C,d13Csd,Nugdc,RunfileN,pcN,normd15N,d15Nsd
1,BAR0A,BAR0A,BAR0A,190402,35.85460393,-26.37724691,0.063650546,190322,1.568294983,1.765341295,0.426348901,,,,,,,,1.493797947,1.275028557,0.407461269
2,BAR0A,BAR0A,BAR0A,,,,,190405,1.524968031,1.324794426,0.42698354,,,,,,,,,,
3,BAR0A,BAR0A,BAR0A,,,,,190228,1.388130828,0.734949951,0.369051366,,,,,,,,,,
4,BAR0A,BAR0A,BAR0A,190308,40.64817844,-26.33168897,0.073982185,,,,,,,,,,,,,,
5,BAR0A,BAR0A,BAR0A,,,,,,,,,,,,,,,,,,
6,BAR0A,BAR0A,BAR0A,,,,,,,,,,,,,,,,,,
7,BAR0B,BAR0B,BAR0B,190402,34.81644358,-26.13277891,0.062888572,,,,,,,,,,,,,,
8,BAR0B,BAR0B,BAR0B,190117,37.07551388,-26.34964293,0.266999529,190405,1.51398985,0.380940451,0.444977912,,,,,,,,1.723027412,0.791989532,0.441152187
9,BAR0BDA,BAR0BDA,BAR0BDA,,,,,190322,1.810604727,1.026639733,0.438738504,,,,,,,,,,
10,BAR0BDB,BAR0BDB,BAR0BDB,,,,,190322,1.635450096,0.968388412,0.439740145,,,,,,,,,,
11,BAR0C,BAR0C,BAR0C,,,,,,,,,,,,,,,,,,
12,BAR0C,BAR0C,BAR0C,,,,,,,,,,,,,,,,,,
13,BAR0C,BAR0C,BAR0C,190308,27.78413302,-26.53272082,0.074245831,,,,,,,,-26.51541812,,,,1.546468354,1.902542473,0.397821854
14,BAR0C,BAR0C,BAR0C,190402,37.22633123,-26.49811543,0.06402945,190322,1.824081803,2.491871029,0.414762959,,,,,,,,,,
15,BAR0C,BAR0C,BAR0C,,,,,190228,1.401849083,1.373824157,0.361066041,,,,,,,,,,
16,BAR0C,BAR0C,BAR0C,,,,,190405,1.413474176,1.841932233,0.417636563,,,,,,,,,,
17,BAR0D,BAR0D,BAR0D,190402,40.41860758,-26.52731443,0.064121197,190405,1.564693284,1.091286143,0.431326537,,,,,,,,,,
18,BAR0E,BAR0E,BAR0E,190402,39.41396222,-26.5505717,0.064194332,190405,1.580409606,0.914490923,0.434663416,,,,,,,,,,
19,BAR0F,BAR0F,BAR0F,190402,35.12655978,-26.59748446,0.064342011,190405,1.528269432,1.356181352,0.426405465,,,,,,,,,,
20,BAR30024A,BAR30024A,BAR30024A,181219,71.42225379,-26.366087,0.071839103,190222,2.688597704,1.250569285,0.27930575,,,,,,,,,,
21,BAR30024B,BAR30024B,BAR30024B,181219,65.04488004,-26.30982967,0.071702045,190222,3.172601248,1.127614585,0.280552162,,,,,,,,,,
22,BAR30024C,BAR30024C,BAR30024C,181219,66.48302811,-26.21690629,0.071477218,190222,3.284454574,1.247082375,0.279340909,,,,,,,,,,
23,BAR3004A,BAR3004A,BAR3004A,181219,68.03494115,-26.27388776,0.071614853,190222,3.093032254,0.84851599,0.283431414,,,,,,,,,,
24,BAR3004B,BAR3004B,BAR3004B,181219,61.6201968,-26.29364108,0.071662737,190222,3.043470159,0.693216949,0.28506296,,,,,,,,,,
25,BAR3004C,BAR3004C,BAR3004C,181219,68.82089886,-25.9721023,0.070894345,190222,3.118881062,1.385484481,0.277953893,,,,,,,,,,
26,BAR3008A,BAR3008A,BAR3008A,181219,68.05846488,-26.63105792,0.07249409,190222,2.967562214,0.915102089,0.282738269,,,,,,,,,,
27,BAR3008B,BAR3008B,BAR3008B,181219,58.88364903,-26.09799097,0.071192364,190222,3.002843044,1.929710962,0.272673481,,,,,,,,,,
28,BAR3008C,BAR3008C,BAR3008C,181219,65.37589216,-26.39047774,0.071898746,190222,2.690997015,0.999429284,0.281866016,,,,,,,,,,
29,FT0A,FT0A,FT0A,190308,30.89418779,-27.09037208,0.075089975,200825,1.388525288,1.518685966,0.407833602,,,,,,,,,,
30,FT0B,FT0B,FT0B,190117,39.31012703,-26.81619976,0.273621034,190322,1.324415149,2.848450151,0.409309652,,,,,,,,,,
31,FT0C,FT0C,FT0C,190308,43.71392608,-27.05987935,0.075039592,200825,1.367086258,2.038977809,0.406125652,,,,,,,,,,
32,FT30024A,FT30024A,FT30024A,181219,60.59389773,-26.65137047,0.072544936,190222,3.624725552,2.373190876,0.268583563,,,,,,,,,,
33,FT30024B,FT30024B,FT30024B,181219,69.5152288,-26.61025779,0.072442116,190222,3.249596107,2.24459422,0.269749246,,,,,,,,,,
34,FT30024C,FT30024C,FT30024C,181219,65.90186347,-26.71045281,0.07269334,190222,3.603010929,2.520332412,0.267270505,,,,,,,,,,
35,FT3004A,FT3004A,FT3004A,181219,70.03993225,-26.66783823,0.072586224,190222,3.098322336,2.600300327,0.266566277,,,,,,,,,,
36,FT3004B,FT3004B,FT3004B,181219,72.71315767,-26.57169562,0.072346009,190222,2.936957301,2.432018822,0.268055925,,,,,,,,,,
37,FT3004C,FT3004C,FT3004C,181219,67.40570383,-26.96179696,0.073333027,190222,3.216258723,2.528758507,0.267195988,,,,,,,,,,
38,FT3008A,FT3008A,FT3008A,181219,66.95298257,-26.75150999,0.072796911,190222,2.383315935,2.428008052,0.268091785,,,,,,,,,,
39,FT3008B,FT3008B,FT3008B,181219,64.84520057,-27.15730519,0.073839805,190222,2.528414692,2.311059396,0.269144668,,,,,,,,,,
40,FT3008C,FT3008C,FT3008C,181219,67.28988319,-26.94110953,0.07327987,190222,2.732381388,2.123227975,0.270864679,,,,,,,,,,
41,OAT0A,OAT0A,OAT0A,190117,40.95941832,-27.3416745,0.281153848,200827,2.403391606,2.963414412,NA,,,,,,,,,,
42,OAT0B,OAT0B,OAT0B,190117,38.7613348,-27.94141109,0.289840818,200827,2.28627346,3.431096713,NA,,,,,,,,,,
43,OAT0C,OAT0C,OAT0C,190117,42.49391881,-27.4359613,0.282513431,200827,2.241869669,2.621818024,NA,,,,,,,,,,
44,OAT21524A,OAT21524A,OAT21524A,181031,57.37111166,-27.59081807,0.083496071,181112,3.219644326,5.4280695,0.264580206,,,,,,,,,,
45,OAT21524B,OAT21524B,OAT21524B,181031,62.49186622,-28.2975542,0.084154077,181112,3.629920387,4.892823998,0.266395184,,,,,,,,,,
46,OAT21524C,OAT21524C,OAT21524C,181031,66.16107329,-27.47903502,0.083396903,181112,3.680329138,4.860894343,0.266511282,,,,,,,,,,
47,OAT2154A,OAT2154A,OAT2154A,181031,46.87165744,-27.68520246,0.083580854,181112,3.426021775,5.223494522,0.265244532,,,,,,,,,,
48,OAT2154B,OAT2154B,OAT2154B,181031,51.21522703,-27.2292339,0.083180195,181112,3.490917205,4.988485691,0.266052598,,,,,,,,,,
49,OAT2154C,OAT2154C,OAT2154C,181031,50.14274377,-27.2829509,0.083226222,181112,2.909000894,4.562549643,0.267638169,,,,,,,,,,
50,OAT2158A,OAT2158A,OAT2158A,181031,55.85548597,-27.35048152,0.083284532,181112,3.378703079,5.321323984,0.264922287,,,,,,,,,,
51,OAT2158D,OAT2158D,OAT2158D,181031,51.16084134,-28.20110571,0.084061146,181112,2.978819079,4.921517389,0.2662916,,,,,,,,,,
52,OAT2158E,OAT2158E,OAT2158E,181031,49.54420084,-28.11874323,0.083982567,181112,2.558961785,5.219217576,0.26525881,,,,,,,,,,
53,OAT23024A,OAT23024A,OAT23024A,181129,64.02802195,-26.90178962,0.084036186,181210,3.827612894,5.047240633,0.37823978,,,,,,,,,,
54,OAT23024B,OAT23024B,OAT23024B,181129,67.02055213,-26.97893577,0.084337882,181210,4.251835853,4.473776646,0.382009475,,,,,,,,,,
55,OAT23024C,OAT23024C,OAT23024C,181129,61.27163361,-27.28926628,0.085562099,181210,4.117097647,4.265106449,0.383648594,,,,,,,,,,
56,OAT2304A,OAT2304A,OAT2304A,181129,56.05681588,-27.23639142,0.085352332,181210,4.936040551,5.105638505,0.377917259,,,,,,,,,,
57,OAT2304B,OAT2304B,OAT2304B,181129,63.39593942,-27.66526646,0.087067341,181210,5.341058364,3.748716095,0.388302333,,,,,,,,,,
58,OAT2304BDA,OAT2304BDA,OAT2304BDA,NA,NA,NA,NA,190322,3.515500256,3.579344891,0.398644774,,,,,,,,,,
59,OAT2304BDA,OAT2304BDA,OAT2304BDA,NA,NA,NA,NA,190228,3.349986782,2.007239384,0.353475136,,,,,,,,,,
60,OAT2304BDB,OAT2304BDB,OAT2304BDB,NA,NA,NA,NA,190228,3.201065631,2.501702135,0.347788958,,,,,,,,,,
61,OAT2304BDB,OAT2304BDB,OAT2304BDB,NA,NA,NA,NA,190322,3.584773314,3.593381291,0.398446984,,,,,,,,,,
62,OAT2304C,OAT2304C,OAT2304C,181129,64.57444673,-27.42518628,0.086103507,181210,5.723336932,4.524825515,0.381629993,,,,,,,,,,
63,OAT2308A,OAT2308A,OAT2308A,181129,60.31669358,-27.09284209,0.084785273,181210,4.854923472,4.692243089,0.380445298,,,,,,,,,,
64,OAT2308B,OAT2308B,OAT2308B,181129,64.43575215,-27.01612796,0.08448371,181210,5.43080125,4.518295237,0.381678063,,,,,,,,,,
65,OAT2308D,OAT2308D,OAT2308D,181129,64.04208791,-27.7434147,0.087383107,181210,4.008558432,4.524523754,0.381632211,,,,,,,,,,
66,OAT24524A,OAT24524A,OAT24524A,181206,60.72353675,-27.59379698,0.078867587,190208,4.215931708,4.453334671,0.287750198,,,,,,,,,,
67,OAT24524B,OAT24524B,OAT24524B,181206,68.57058018,-27.33233609,0.078029416,190208,3.997459544,4.233068452,0.288692502,,,,,,,,,,
68,OAT24524CDA,OAT24524CDA,OAT24524CDA,181206,61.86949772,-27.49932387,0.078563626,190208,4.340183644,4.246176569,0.288634113,,,,,,,,,,
69,OAT24524CDB,OAT24524CDB,OAT24524CDB,181206,61.800785,-27.4895813,0.07853235,190208,4.550016733,4.245029648,0.28863921,,,,,,,,,,
70,OAT2454A,OAT2454A,OAT2454A,181206,65.80573891,-28.13512859,0.080632655,190208,3.633448256,3.924511462,0.290150802,3.712351611,3.606271685,,,,,,,,
71,OAT2454ADA,OAT2454ADA,OAT2454ADA,NA,NA,NA,NA,190228,6.165752187,3.700127962,0.334947557,,,,,,,,,,
72,OAT2454ADB,OAT2454ADB,OAT2454ADB,NA,NA,NA,NA,190228,5.118331474,3.512415409,0.336866749,,,,,,,,,,
73,OAT2454B,OAT2454B,OAT2454B,181206,63.33275936,-27.53895245,0.078690977,190208,3.688024976,3.281966221,0.293695381,3.062699136,2.953065594,,,,,,,,
74,OAT2454BDA,OAT2454BDA,OAT2454BDA,NA,NA,NA,NA,190228,5.822973188,3.050105317,0.341741969,,,,,,,,,,
75,OAT2454BDB,OAT2454BDB,OAT2454BDB,NA,NA,NA,NA,190228,5.56057202,2.85602587,0.343849931,,,,,,,,,,
76,OAT2454C,OAT2454C,OAT2454C,181206,58.5847873,-27.76946986,0.079436074,190208,3.690589322,3.63653938,0.291655459,3.422953099,3.316159959,,,,,,,,
77,OAT2454CDA,OAT2454CDA,OAT2454CDA,NA,NA,NA,NA,190228,3.98289185,3.345133583,0.33860667,,,,,,,,,,
78,OAT2454CDB,OAT2454CDB,OAT2454CDB,NA,NA,NA,NA,190228,3.190318563,3.287186335,0.339215814,,,,,,,,,,
79,OAT2458A,OAT2458A,OAT2458A,181206,65.59836561,-27.16819695,0.077508199,190208,4.696632643,4.164634136,0.289002073,,,,,,,,,,
80,OAT2458B,OAT2458B,OAT2458B,181206,61.15719064,-27.05199751,0.077141581,190208,4.006063191,3.970057642,0.289925468,,,,,,,,,,
81,OAT2458C,OAT2458C,OAT2458C,181206,65.46910806,-27.65928496,0.079079016,190208,3.217712875,3.860683313,0.290472418,,,,,,,,,,
82,OAT26024A,OAT26024A,OAT26024A,181213,70.74718676,-27.93118843,0.102143646,190214,4.270159418,3.700226567,0.37788723,,,,,,,,,,
83,OAT26024B,OAT26024B,OAT26024B,181213,69.48930229,-27.07430341,0.100254205,190214,4.556978367,4.854904549,0.365624506,,,,,,,,,,
84,OAT26024CDA,OAT26024CDA,OAT26024CDA,181213,73.5502411,-27.30200806,0.100742178,190214,4.270744586,4.686521978,0.367265406,4.259614926,4.519058928,0.368973485,,,,,,,
85,OAT26024CDB,OAT26024CDB,OAT26024CDB,181213,51.95640519,-27.40036091,0.100956146,190214,4.248485266,4.351595877,0.370681564,,,,,,,,,,
86,OAT2604A,OAT2604A,OAT2604A,181213,73.88042013,-27.30035912,0.100738607,190214,4.794999312,4.877141231,0.365411691,,,,,,,,,,
87,OAT2604B,OAT2604B,OAT2604B,181213,69.55228563,-27.63139453,0.101466257,190214,4.104543202,4.029582527,0.374152782,,,,,,,,,,
88,OAT2604C,OAT2604C,OAT2604C,181213,59.12008056,-27.51580267,0.101209728,190214,4.159230469,3.662023348,0.378332205,,,,,,,,,,
89,OAT2608A,OAT2608A,OAT2608A,181213,64.26590263,-27.40749407,0.100971739,190214,4.724007184,4.678123475,0.367348604,,,,,,,,,,
90,OAT2608B,OAT2608B,OAT2608B,181213,64.86418189,-27.3343309,0.100812285,190214,5.127098258,4.299862799,0.371227023,,,,,,,,,,
91,OAT2608C,OAT2608C,OAT2608C,181213,73.40156882,-26.8501743,0.099784106,190214,5.286981856,4.835120115,0.365814616,,,,,,,,,,
92,OAT30024A,OAT30024A,OAT30024A,181219,54.36495598,-27.0213508,0.073486554,190222,4.347222949,5.122610057,0.248055323,,,,,,,,,,
93,OAT30024B,OAT30024B,OAT30024B,181219,68.57848245,-27.0918358,0.073669217,190222,4.374610671,3.837607186,0.256553659,,,,,,,,,,
94,OAT30024CDA,OAT30024CDA,OAT30024CDA,181219,58.58290041,-27.66144896,0.075182503,190222,4.413670479,4.800003459,0.249995522,,,,,,,,,,
95,OAT30024CDB,OAT30024CDB,OAT30024CDB,181219,71.69767938,-27.59416953,0.075000391,190222,4.703741242,5.030636008,0.248594855,,,,,,,,,,
96,OAT3004A,OAT3004A,OAT3004A,181219,71.38764633,-27.53520028,0.074841504,190222,5.41312559,3.718023572,0.257446156,,,,,,,,,,
97,OAT3004B,OAT3004B,OAT3004B,181219,83.64808751,-26.72777031,0.072736981,190222,5.679515131,4.107681757,0.254599902,,,,,,,,,,
98,OAT3004C,OAT3004C,OAT3004C,181219,72.33536668,-27.17922006,0.073897104,190222,5.613829756,4.107470397,0.254601397,,,,,,,,,,
99,OAT3008A,OAT3008A,OAT3008A,181219,65.62222985,-27.17232781,0.073879073,190222,5.314440244,4.492302244,0.251968904,,,,,,,,,,
100,OAT3008B,OAT3008B,OAT3008B,181219,67.59692991,-27.45669418,0.074631044,190222,4.864666332,3.816201701,0.25671219,,,,,,,,,,
101,OAT3008C,OAT3008C,OAT3008C,181219,67.90371671,-26.55818472,0.072312413,190222,4.647038027,4.358520187,0.252863575,,,,,,,,,,
102,RC2017RYE24524A,RC2017RYE24524A,RC2017RYE24524A,190308,68.01464789,-26.90635973,0.0747933,NA,NA,NA,NA,,,,,,,,,,
103,RC2017RYE24524B,RC2017RYE24524B,RC2017RYE24524B,190308,56.19539665,-27.51340851,0.075838301,NA,NA,NA,NA,,,,,,,,,,
104,RC2017RYE24524C,RC2017RYE24524C,RC2017RYE24524C,190308,61.67679062,-26.94620696,0.074856042,NA,NA,NA,NA,,,,,,,,,,
105,RC2018RYE24524A,RC2018RYE24524A,RC2018RYE24524A,190308,62.50462373,-25.60483189,0.07321347,190405,2.223303669,3.36579837,0.392488562,,,,,,,,,,
106,RC2018RYE24524B,RC2018RYE24524B,RC2018RYE24524B,190308,65.15097768,-25.50083525,0.073127482,NA,NA,NA,NA,,,,,,,,,,
107,RC2018RYE24524CDA,RC2018RYE24524CDA,RC2018RYE24524CDA,190308,66.67076329,-26.0140118,0.073610363,NA,NA,NA,NA,,,,,,,,,,
108,RC2018RYE24524CDB,RC2018RYE24524CDB,RC2018RYE24524CDB,190308,71.30808449,-26.14179241,0.073753283,NA,NA,NA,NA,,,,,,,,,,
109,RC2018RYE24525B,RC2018RYE24525B,RC2018RYE24525B,NA,NA,NA,NA,190405,2.419381303,3.814839486,0.385833124,,,,,,,,,,
110,RC2018RYE24526CDA,RC2018RYE24526CDA,RC2018RYE24526CDA,NA,NA,NA,NA,190405,2.19715341,3.477192033,0.3908034,,,,,,,,,,
111,RC2018RYE24526CDB,RC2018RYE24526CDB,RC2018RYE24526CDB,NA,NA,NA,NA,190405,2.158024711,3.787840068,0.386222827,,,,,,,,,,
112,RCSPARERYE24524A,RCSPARERYE24524A,RCSPARERYE24524A,190308,68.35645887,-25.12486514,0.072867464,190322,2.764362977,4.705266819,0.383676807,,,,,,,,,,
113,RCSPARERYE24524B,RCSPARERYE24524B,RCSPARERYE24524B,190308,63.31922829,-25.49496423,0.073122809,190322,3.080853049,4.567550644,0.38540673,,,,,,,,,,
114,RCSPARERYE24524C,RCSPARERYE24524C,RCSPARERYE24524C,190308,57.24574527,-25.65776175,0.073259561,190322,2.635236414,3.842234765,0.39498585,,,,,,,,,,
115,RYE0A,RYE0A,RYE0A,190402,41.33354063,-25.60012486,0.061249673,190405,1.417245323,3.734427714,0.386997767,,,,,,,,,,
116,RYE0A,RYE0A,RYE0A,190117,40.07727543,-25.63311556,0.256964061,190405,1.417245323,3.734427714,0.386997767,,,,,,,,,,
117,RYE0B,RYE0B,RYE0B,190117,36.22597945,-25.8506203,0.259992356,190405,1.221305395,4.082014977,0.382050955,,,,,,,,,,
118,RYE0B,RYE0B,RYE0B,190402,39.16559345,-25.80147504,0.061865666,190405,1.221305395,4.082014977,0.382050955,,,,,,,,,,
119,RYE0C,RYE0C,RYE0C,190402,33.00271321,-24.84574338,0.058982513,190405,1.62857425,3.353983843,0.392668591,,,,,,,,,,
120,RYE0C,RYE0C,RYE0C,190117,33.91672609,-24.93495973,0.247358233,190405,1.62857425,3.353983843,0.392668591,,,,,,,,,,
121,RYE21524A,RYE21524A,RYE21524A,181031,61.43648489,-24.98896863,0.081547204,181112,1.997766856,5.676192305,0.263823711,,,,,,,,,,
122,RYE21524A,RYE21524A,RYE21524A,190402,39.82043744,-25.00377793,0.059451919,181112,1.997766856,5.676192305,0.263823711,,,,,,,,,,
123,RYE21524B,RYE21524B,RYE21524B,190402,105.0281554,-24.74960897,0.058698466,190228,2.202219091,3.790747597,0.334033802,-24.85490151,4.812971693,0.298700657,,#DIV/0!,,,,,
126,RYE21524B,RYE21524B,RYE21524B,181031,66.42851822,-24.96019405,0.081529946,181112,2.195270994,5.83519579,0.263367512,,,,,,,,,,
127,RYE21524C,RYE21524C,RYE21524C,190402,57.91006402,-25.98876768,0.062442534,181112,1.845735323,4.175881505,0.269210648,,,,,,,,,,
128,RYE21524C,RYE21524C,RYE21524C,181031,70.6572993,-26.13299125,0.082310432,181112,1.845735323,4.175881505,0.269210648,,,,,,,,,,
129,RYE2154B,RYE2154B,RYE2154B,181031,43.95258208,-25.77702964,0.082056943,181112,1.432668851,3.967638551,0.270109195,,,,,,,,,,
130,RYE2154C,RYE2154C,RYE2154C,181031,42.30934627,-25.62407343,0.081952439,181112,1.380744398,3.888653257,0.270459371,,,,,,,,,,
131,RYE2154E,RYE2154E,RYE2154E,NA,NA,NA,NA,181112,1.445875133,3.769880543,0.270995572,,,,,,,,,,
132,RYE2154EDA,RYE2154EDA,RYE2154EDA,181031,43.06228237,-25.82037348,0.082087041,NA,NA,NA,NA,,,,,,,,,,
133,RYE2154EDB,RYE2154EDB,RYE2154EDB,181031,51.70950706,-25.75069001,0.082038757,NA,NA,NA,NA,,,,,,,,,,
134,RYE2158B,RYE2158B,RYE2158B,181031,45.21146001,-26.03039395,0.082235899,181112,1.399550234,4.34983502,0.268487698,,,,,,,,,,
135,RYE2158C,RYE2158C,RYE2158C,181031,48.40876535,-25.88101167,0.082129507,181112,1.45463054,3.586436543,0.271846317,,,,,,,,,,
136,RYE2158E,RYE2158E,RYE2158E,181031,43.70081381,-25.6846581,0.081993513,181112,1.426897759,5.519361206,0.26429557,,,,,,,,,,
137,RYE23024A,RYE23024A,RYE23024A,181129,66.52515563,-25.28189959,0.077967731,190228,3.109143691,3.513702282,0.336853472,,,,,,,,,,
138,RYE23024A,RYE23024A,RYE23024A,181129,66.52515563,-25.28189959,0.077967731,181210,2.83197265,4.98542496,0.378593637,,,,,,,,,,
139,RYE23024B,RYE23024B,RYE23024B,181129,61.16668977,-25.13976381,0.077461694,190228,4.226104012,3.741957272,0.334524736,,,,,,,,,,
140,RYE23024B,RYE23024B,RYE23024B,181129,61.16668977,-25.13976381,0.077461694,181210,2.840089734,5.021985655,0.378382803,,,,,,,,,,
141,RYE23024C,RYE23024C,RYE23024C,181129,59.30053982,-25.05685436,0.077168657,190228,5.548046866,3.850180071,0.333439075,,,,,,,,,,
142,RYE23024C,RYE23024C,RYE23024C,181129,59.30053982,-25.05685436,0.077168657,181210,2.52230443,4.992480854,0.378552599,,,,,,,,,,
143,RYE2304A,RYE2304A,RYE2304A,181129,56.59867753,-25.39296974,0.078366345,190228,3.941464089,4.526644736,0.326930404,,,,,,,,,,
144,RYE2304A,RYE2304A,RYE2304A,181129,56.59867753,-25.39296974,0.078366345,181210,3.227693497,6.213413115,0.373998178,,,,,,,,,,
145,RYE2304B,RYE2304B,RYE2304B,181129,51.8787542,-25.7642876,0.079718614,190228,3.986606182,3.116628785,0.341027677,,,,,,,,,,
146,RYE2304B,RYE2304B,RYE2304B,181129,51.8787542,-25.7642876,0.079718614,181210,2.488514939,4.035961762,0.385609656,,,,,,,,,,
147,RYE2304EDA,RYE2304EDA,RYE2304EDA,181129,57.1339021,-25.26948169,0.077923337,181210,2.337094202,4.333267898,0.383097704,,,,,,,,,,
148,RYE2304EDB,RYE2304EDB,RYE2304EDB,181129,56.47796542,-25.28848147,0.077991275,181210,2.252289998,4.078385745,0.385233972,,,,,,,,,,
149,RYE2308A,RYE2308A,RYE2308A,181129,61.84891946,-25.22253447,0.077755818,181210,2.870117465,4.263498291,0.383661772,,,,,,,,,,
150,RYE2308B,RYE2308B,RYE2308B,181129,60.63415545,-25.36956087,0.078282105,181210,2.60405181,5.3198024,0.376832804,,,,,,,,,,
151,RYE2308C,RYE2308C,RYE2308C,181129,50.50477487,-24.6333366,0.075697119,181210,2.961457191,4.832806189,0.379521926,,,,,,,,,,
152,RYE2308C,RYE2308C,RYE2308C,181129,50.50477487,-24.6333366,0.075697119,190228,2.463538108,3.732630403,0.33461886,,,,,,,,,,
153,RYE24524A,RYE24524A,RYE24524A,181206,66.55284007,-27.07382304,0.077210291,NA,NA,NA,NA,,,,,,,,,,
154,RYE24524A,RYE24524A,RYE24524A,190117,60.02858713,-27.28184465,0.280292347,NA,NA,NA,NA,,,,,,,,,,
155,RYE24524B,RYE24524B,RYE24524B,190117,63.32587703,-26.40078873,0.267722189,190208,2.357228232,2.303063169,0.300365202,,,,,,,,,,
156,RYE24524B,RYE24524B,RYE24524B,181206,56.64317226,-26.34752558,0.074962678,190208,2.357228232,2.303063169,0.300365202,,,,,,,,,,
157,RYE24524C,RYE24524C,RYE24524C,181206,63.60591962,-26.82711759,0.076437759,NA,NA,NA,NA,,,,,,,,,,
158,RYE24524C,RYE24524C,RYE24524C,190117,61.10202024,-26.90919116,0.274948462,NA,NA,NA,NA,,,,,,,,,,
159,RYE2454A,RYE2454A,RYE2454A,181206,61.87366082,-25.5344956,0.072547847,200825,2.394457232,3.495901816,0.403059218,,,,,,,,,,
160,RYE2454B,RYE2454B,RYE2454B,181206,60.27564151,-25.45739584,0.072324769,200825,2.439873414,3.895736831,0.402665552,,,,,,,,,,
161,RYE2454C,RYE2454C,RYE2454C,181206,61.57455433,-25.46532232,0.072347654,200825,2.545942125,2.727279405,0.404359434,,,,,,,,,,
162,RYE2458B,RYE2458B,RYE2458B,181206,65.61020412,-25.28037739,0.071816637,NA,NA,NA,NA,,,,,,,,,,
163,RYE2458BDA,RYE2458BDA,RYE2458BDA,NA,NA,NA,NA,200825,2.462321472,2.764645226,0.404279763,,,,,,,,,,
164,RYE2458BDB,RYE2458BDB,RYE2458BDB,NA,NA,NA,NA,200825,2.304178024,2.681569472,0.404459175,,,,,,,,,,
165,RYE2458C,RYE2458C,RYE2458C,NA,NA,NA,NA,200825,2.364578885,3.000610967,0.403815412,,,,,,,,,,
166,RYE2458CDA,RYE2458CDA,RYE2458CDA,181206,55.71130584,-25.84927837,0.073469486,NA,NA,NA,NA,,,,,,,,,,
167,RYE2458CDB,RYE2458CDB,RYE2458CDB,181206,59.29107877,-25.74805203,0.07317123,NA,NA,NA,NA,,,,,,,,,,
168,RYE2458D,RYE2458D,RYE2458D,181206,63.66420673,-24.75367416,0.070339151,190208,2.507338698,4.98567036,0.285817658,,,,,,,,,,
169,RYE26024A,RYE26024A,RYE26024A,181213,65.06767517,-25.8023929,0.097725088,190214,2.422366677,3.475996217,0.380533438,,,,,,,,,,
170,RYE26024B,RYE26024B,RYE26024B,181213,65.23859275,-25.33882382,0.096889554,190214,2.38018851,2.845795084,0.388404285,,,,,,,,,,
171,RYE26024C,RYE26024C,RYE26024C,NA,NA,NA,NA,190214,2.575672047,4.571495738,0.36841597,,,,,,,,,,
172,RYE26024CDA,RYE26024CDA,RYE26024CDA,181213,61.97327053,-25.33037722,0.096874772,NA,NA,NA,NA,,,,,,,,,,
173,RYE26024CDB,RYE26024CDB,RYE26024CDB,181213,70.13136919,-25.30817545,0.096835993,NA,NA,NA,NA,,,,,,,,,,
174,RYE2604A,RYE2604A,RYE2604A,181213,65.07902535,-25.2481884,0.096731768,190214,2.611998233,4.461134074,0.36954224,,,,,,,,,,
175,RYE2604B,RYE2604B,RYE2604B,181213,53.41597091,-25.83872024,0.097792557,190214,2.214412536,2.26270344,0.39623041,,,,,,,,,,
176,RYE2604B,RYE2604B,RYE2604B,181213,53.41597091,-25.83872024,0.097792557,200827,2.012884936,1.759916107,NA,,,,,,,,,,
177,RYE2604C,RYE2604C,RYE2604C,181213,65.95792596,-25.14128578,0.096548034,190214,2.334740322,3.936156162,0.375193429,,,,,,,,,,
178,RYE2604C,RYE2604C,RYE2604C,181213,65.95792596,-25.14128578,0.096548034,200827,2.305622312,3.660707665,NA,,,,,,,,,,
179,RYE2608A,RYE2608A,RYE2608A,181213,67.0078852,-25.48053009,0.097139924,190214,2.930725753,4.419073364,0.369977203,,,,,,,,,,
180,RYE2608B,RYE2608B,RYE2608B,181213,57.6421443,-25.21277265,0.096670614,190214,2.920878047,3.287576193,0.38282054,,,,,,,,,,
181,RYE2608C,RYE2608C,RYE2608C,181213,67.37113086,-25.20256698,0.096653044,NA,NA,NA,NA,,,,,,,,,,
182,RYE2608CDA,RYE2608CDA,RYE2608CDA,NA,NA,NA,NA,190214,3.011019588,4.094316925,0.373440505,,,,,,,,,,
183,RYE2608CDB,RYE2608CDB,RYE2608CDB,NA,NA,NA,NA,190214,2.649151514,4.361209693,0.370580718,,,,,,,,,,
184,RYE30024A,RYE30024A,RYE30024A,181219,72.30977534,-25.489629,0.06978671,190222,4.188624753,4.405992071,0.252543586,,,,,,,,,,
185,RYE30024B,RYE30024B,RYE30024B,181219,71.42731354,-25.25123952,0.069260213,190222,4.624377945,2.654620523,0.266091719,,,,,,,,,,
186,RYE30024CDA,RYE30024CDA,RYE30024CDA,181219,71.2152026,-25.11906585,0.068974387,190222,4.946192858,3.350452465,0.260292527,,,,,,,,,,
187,RYE30024CDB,RYE30024CDB,RYE30024CDB,181219,64.01873382,-25.09342478,0.068919448,190222,4.707681554,3.268494056,0.260948036,,,,,,,,,,
188,RYE3004A,RYE3004A,RYE3004A,181219,66.40682971,-25.15640686,0.069054693,190222,2.61511845,3.495812881,0.259148495,,,,,,,,,,
189,RYE3004B,RYE3004B,RYE3004B,181219,70.41117123,-25.55107632,0.069924679,190222,2.711372914,2.93413335,0.263699161,,,,,,,,,,
190,RYE3004C,RYE3004C,RYE3004C,181219,68.0178549,-25.36184695,0.069502753,190222,2.677614485,3.033017074,0.26287281,,,,,,,,,,
191,RYE3008A,RYE3008A,RYE3008A,181219,66.81856807,-25.60638329,0.070049643,190222,2.399921588,3.28322367,0.260829675,,,,,,,,,,
192,RYE3008B,RYE3008B,RYE3008B,181219,70.34850152,-25.23950914,0.069234669,190222,2.558755206,3.154973454,0.261868322,,,,,,,,,,
193,RYE3008C,RYE3008C,RYE3008C,181219,69.36553866,-25.25959927,0.069278438,190222,3.04097103,3.42760469,0.259682343,,,,,,,,,,
194,RYEXX1,RYEXX1,RYEXX1,190308,32.90853409,-25.2807351,0.072965565,190228,1.286654889,4.545417681,0.326756762,,,,,,,,,,
195,RYEXX2,RYEXX2,RYEXX2,190308,29.98444978,-25.61614788,0.073223192,190228,1.239778604,3.332572655,0.338738432,,,,,,,,,,
196,RYEXX3,RYEXX3,RYEXX3,190308,37.40091673,-25.96340278,0.073556242,190228,1.334089941,3.155706994,0.340610058,,,,,,,,,,
197,SPT0A,SPT0A,SPT0A,190117,43.37972714,-26.97032288,0.275822445,200827,1.952478716,5.382926378,NA,,,,,,,,,,
198,SPT0B,SPT0B,SPT0B,190117,39.48200722,-27.67850743,0.286021507,200827,2.038118904,6.017594675,NA,,,,,,,,,,
199,SPT0C,SPT0C,SPT0C,190117,45.35377806,-26.96712263,0.275776665,NA,NA,NA,NA,,,,,,,,,,
200,SPT0CDA,SPT0CDA,SPT0CDA,NA,NA,NA,NA,200827,2.082955881,5.079849804,NA,,,,,,,,,,
201,SPT0CDB,SPT0CDB,SPT0CDB,NA,NA,NA,NA,200827,2.087992965,4.679399577,NA,,,,,,,,,,
202,SPT21524A,SPT21524A,SPT21524A,181031,63.80832982,-27.54778183,0.083457732,181112,3.600689843,7.848070062,0.259567248,,,,,,,,,,
203,SPT21524B,SPT21524B,SPT21524B,181031,61.69535031,-27.70859606,0.083602017,181112,3.71595023,7.741405322,0.259675355,,,,,,,,,,
204,SPT21524C,SPT21524C,SPT21524C,NA,NA,NA,NA,181112,2.94480302,6.985503308,0.260742759,,,,,,,,,,
205,SPT21524CDA,SPT21524CDA,SPT21524CDA,181031,57.14803486,-27.4519716,0.083373098,NA,NA,NA,NA,,,,,,,,,,
206,SPT21524CDB,SPT21524CDB,SPT21524CDB,181031,53.57226115,-27.31994523,0.083258104,NA,NA,NA,NA,,,,,,,,,,
207,SPT2154A,SPT2154A,SPT2154A,181031,43.17104542,-27.77070411,0.083658486,181112,2.257882806,7.239298419,0.260325676,,,,,,,,,,
208,SPT2154B,SPT2154B,SPT2154B,181031,50.42485745,-26.93169807,0.082930972,181112,2.120022874,6.338267102,0.262072644,,,,,,,,,,
209,SPT2154C,SPT2154C,SPT2154C,181031,45.6861399,-27.35416014,0.083287723,181112,2.364611602,7.278452641,0.2602666,,,,,,,,,,
210,SPT2158A,SPT2158A,SPT2158A,181031,51.57609381,-27.15498358,0.083117092,181112,2.916498091,7.177086505,0.260422441,,,,,,,,,,
211,SPT2158B,SPT2158B,SPT2158B,181031,62.28882516,-27.5228635,0.083435625,181112,2.946103183,7.522711598,0.25992997,,,,,,,,,,
212,SPT2158C,SPT2158C,SPT2158C,NA,NA,NA,NA,181112,1.761348838,6.213301907,0.262373115,,,,,,,,,,
213,SPT2158CDA,SPT2158CDA,SPT2158CDA,181031,58.54675838,-27.06451356,0.083041021,NA,NA,NA,NA,,,,,,,,,,
214,SPT2158CDB,SPT2158CDB,SPT2158CDB,181031,70.5732249,-27.02432603,0.083007517,NA,NA,NA,NA,,,,,,,,,,
215,SPT23024A,SPT23024A,SPT23024A,181129,57.59868886,-27.2077939,0.085239079,181210,4.822783485,6.876772617,0.373680836,,,,,,,,,,
216,SPT23024B,SPT23024B,SPT23024B,181129,61.22591808,-26.82533426,0.083738249,181210,4.510884267,7.031727202,0.37382721,,,,,,,,,,
217,SPT23024CDA,SPT23024CDA,SPT23024CDA,181129,60.38559253,-27.15429183,0.085027578,181210,3.904983858,6.821602612,0.373648874,,,,,,,,,,
218,SPT23024CDB,SPT23024CDB,SPT23024CDB,181129,63.84747172,-27.08900273,0.084770156,181210,4.343309069,7.050632189,0.373850779,,-27.12164728,,,,,,,,
219,SPT2304A,SPT2304A,SPT2304A,181129,56.86251385,-27.46790531,0.086274311,181210,3.154139739,6.759640561,0.3736256,,,,,,,,,,
220,SPT2304B,SPT2304B,SPT2304B,181129,61.32930905,-27.25790321,0.085437616,181210,3.267573083,6.274534232,0.373904966,,,,,,,,,,
221,SPT2304C,SPT2304C,SPT2304C,181129,53.35521791,-27.15445153,0.085028209,181210,3.701909356,6.355121856,0.37380189,,,,,,,,,,
222,SPT2308A,SPT2308A,SPT2308A,181206,60.46593387,-27.35374105,0.078097672,181210,3.55696379,6.880185792,0.373683161,,,,,,,,,,
223,SPT2308B,SPT2308B,SPT2308B,181129,65.182099,-27.23191527,0.085334596,181210,3.155871845,6.626072389,0.373620863,,,,,,,,,,
224,SPT2308DDA,SPT2308DDA,SPT2308DDA,181129,67.33057376,-27.08910814,0.084770571,181210,3.090076527,6.789961292,0.37363532,,,,,,,,,,
225,SPT2308DDB,SPT2308DDB,SPT2308DDB,181129,65.5173737,-27.0271897,0.084527129,181210,3.083534406,6.823766486,0.373649928,,,,,,,,,,
226,SPT24524A,SPT24524A,SPT24524A,181206,66.2175626,-27.09452535,0.077275529,190208,4.087335822,6.442113917,0.283083497,,,,,,,,,,
227,SPT24524B,SPT24524B,SPT24524B,181206,65.66056882,-26.93532781,0.076775486,190208,3.652747677,5.101271678,0.285463175,,,,,,,,,,
228,SPT24524BDA,SPT24524BDA,SPT24524BDA,NA,NA,NA,NA,190228,3.158587917,5.011383573,0.322571664,,,,,,,,,,
229,SPT24524BDB,SPT24524BDB,SPT24524BDB,NA,NA,NA,NA,190228,3.095198072,4.953228198,0.323080719,,,,,,,,,,
230,SPT24524C,SPT24524C,SPT24524C,181206,61.12773895,-26.70698718,0.076064914,190208,3.792118672,6.519837759,0.283044287,,,,,,,,,,
231,SPT2454B,SPT2454B,SPT2454B,181206,64.31302771,-27.33942483,0.078052013,190208,3.447664688,6.426671087,0.283092582,,,,,,,,,,
232,SPT2454C,SPT2454C,SPT2454C,181206,62.70594695,-27.38033832,0.078182576,190208,3.142112927,6.49357932,0.283056317,,,,,,,,,,
233,SPT2454DDA,SPT2454DDA,SPT2454DDA,181206,61.57219185,-26.98197801,0.076921625,190208,3.236465513,6.397249771,0.28311108,,,,,,,,,,
234,SPT2454DDB,SPT2454DDB,SPT2454DDB,181206,64.87922743,-27.08162303,0.077234863,190208,2.818103781,6.032794625,0.283469282,,,,,,,,,,
235,SPT2458A,SPT2458A,SPT2458A,181206,65.39979068,-27.3901103,0.078213795,190208,3.394136293,7.020318285,0.283052486,,,,,,,,,,
236,SPT2458B,SPT2458B,SPT2458B,181206,68.37783789,-26.97415835,0.076897106,190208,3.291222665,6.296710249,0.283186049,,,,,,,,,,
237,SPT2458C,SPT2458C,SPT2458C,181206,69.28442369,-27.38320238,0.078191724,190208,3.2349972,6.711611238,0.28299409,,,,,,,,,,
238,SPT26024A,SPT26024A,SPT26024A,181213,57.70645442,-27.68845057,0.101593839,190214,4.18931417,6.307738975,0.35370297,,,,,,,,,,
239,SPT26024B,SPT26024B,SPT26024B,181213,63.88160872,-26.95857757,0.100010202,190214,3.872523199,6.309277581,0.353692551,,,,,,,,,,
240,SPT26024C,SPT26024C,SPT26024C,NA,NA,NA,NA,190214,3.89435826,6.372750922,0.353266889,,,,,,,,,,
241,SPT26024CDA,SPT26024CDA,SPT26024CDA,181213,49.15509773,-27.32792464,0.100798374,NA,NA,NA,NA,,,,,,,,,,
242,SPT26024CDB,SPT26024CDB,SPT26024CDB,181213,59.60506483,-27.45967096,0.1010861,NA,NA,NA,NA,,,,,,,,,,
243,SPT2604A,SPT2604A,SPT2604A,181213,75.80268278,-26.98981645,0.1000758,190214,3.524317944,5.816875352,0.357270414,,,,,,,,,,
244,SPT2604B,SPT2604B,SPT2604B,181213,69.24831487,-27.17877756,0.100476804,190214,3.400234312,6.073642114,0.355344123,,,,,,,,,,
245,SPT2604C,SPT2604C,SPT2604C,181213,63.08643282,-27.30885284,0.100757007,NA,NA,NA,NA,,,,,,,,,,
246,SPT2604CDA,SPT2604CDA,SPT2604CDA,NA,NA,NA,NA,190214,3.509520629,6.321271723,0.353611488,,,,,,,,,,
247,SPT2604CDB,SPT2604CDB,SPT2604CDB,NA,NA,NA,NA,190214,3.560664915,5.93243061,0.356387292,,,,,,,,,,
248,SPT2608A,SPT2608A,SPT2608A,181213,64.31264933,-26.88089305,0.099847933,190214,3.892602058,6.15840298,0.354737138,,,,,,,,,,
249,SPT2608B,SPT2608B,SPT2608B,181213,58.58792038,-27.11775971,0.100346529,190214,3.918202861,6.610387167,0.351746464,,,,,,,,,,
250,SPT2608C,SPT2608C,SPT2608C,181213,64.53110529,-27.60057162,0.101397598,190214,4.091445279,6.220828993,0.354299345,,,,,,,,,,
251,SPT30024A,SPT30024A,SPT30024A,181219,59.980314,-26.55416231,0.072302419,190222,5.522102314,5.985988081,0.243534537,,,,,,,,,,
252,SPT30024B,SPT30024B,SPT30024B,181219,65.89323417,-26.99489435,0.073418259,190222,5.51457054,5.668838628,0.24507935,,,,,,,,,,
253,SPT30024CDA,SPT30024CDA,SPT30024CDA,181219,67.83450262,-26.9435985,0.073286261,190222,5.765208903,6.170922698,0.242697156,,,,,,,,,,
254,SPT30024CDB,SPT30024CDB,SPT30024CDB,181219,63.38214911,-26.81993537,0.072970326,190222,5.506149746,6.031562062,0.24332381,,,,,,,,,,
255,SPT3004A,SPT3004A,SPT3004A,181219,69.02668047,-26.883885,0.0731333,190222,3.636459453,5.36717761,0.246674187,,,,,,,,,,
256,SPT3004B,SPT3004B,SPT3004B,181219,65.82073991,-26.65933641,0.072564901,190222,4.02949227,6.205887503,0.242544142,,,,,,,,,,
257,SPT3004C,SPT3004C,SPT3004C,181219,64.12973558,-26.90939209,0.073198547,190222,4.486008587,6.269426843,0.242270419,,,,,,,,,,
258,SPT3008A,SPT3008A,SPT3008A,181219,61.14999406,-26.73262471,0.072749226,190222,3.87818619,6.080164585,0.243102223,,,,,,,,,,
259,SPT3008B,SPT3008B,SPT3008B,181219,72.65529263,-27.08649672,0.073655345,190222,4.091012161,5.920214707,0.243843676,,,,,,,,,,
260,SPT3008C,SPT3008C,SPT3008C,181219,67.24083182,-27.70146405,0.075291235,190222,5.039806293,6.608441742,0.240905353,,,,,,,,,,