,ID,ID,ID,Cugdc,RunfileC,pcC,CN_Crun,normd13C,d13Csd,Nugdc,RunfileN,pcN,normd15N,d15Nsd,,,
1,BAR0A,BAR0A,BAR0A,383.644262,190402,35.85460393,33.00399698,-26.37724691,0.063650546,63.51594681,190322,1.568294983,1.765341295,0.426348901,,,
2,BAR0A,BAR0A,BAR0A,383.644262,190402,35.85460393,33.00399698,-26.37724691,0.063650546,62.67618608,190405,1.524968031,1.324794426,0.42698354,,,
3,BAR0A,BAR0A,BAR0A,383.644262,190402,35.85460393,33.00399698,-26.37724691,0.063650546,56.21929854,190228,1.388130828,0.734949951,0.369051366,,,
4,BAR0A,BAR0A,BAR0A,451.1947807,190308,40.64817844,35.26204136,-26.33168897,0.073982185,63.51594681,190322,1.568294983,1.765341295,0.426348901,,,
5,BAR0A,BAR0A,BAR0A,451.1947807,190308,40.64817844,35.26204136,-26.33168897,0.073982185,62.67618608,190405,1.524968031,1.324794426,0.42698354,,,
6,BAR0A,BAR0A,BAR0A,451.1947807,190308,40.64817844,35.26204136,-26.33168897,0.073982185,56.21929854,190228,1.388130828,0.734949951,0.369051366,,,
7,BAR0B,BAR0B,BAR0B,372.5359463,190402,34.81644358,34.16656823,-26.13277891,0.062888572,64.02645696,190122A,1.468496719,-0.004785876,0.603431684,,,
8,BAR0B,BAR0B,BAR0B,372.5359463,190402,34.81644358,34.16656823,-26.13277891,0.062888572,62.83057892,190405,0.151398985,0.380940451,0.444977912,,,
9,BAR0B,BAR0B,BAR0B,396.7079985,190117,37.07551388,33.34238783,-26.34964293,0.266999529,64.02645696,190122A,1.468496719,-0.004785876,0.603431684,,,
10,BAR0B,BAR0B,BAR0B,396.7079985,190117,37.07551388,33.34238783,-26.34964293,0.266999529,62.83057892,190405,0.151398985,0.380940451,0.444977912,,,
11,BAR0BDA,BAR0BDA,BAR0BDA,NA,NA,NA,NA,NA,NA,75.6832776,190322,1.810604727,1.026639733,0.438738504,,,
12,BAR0BDB,BAR0BDB,BAR0BDB,NA,NA,NA,NA,NA,NA,66.72636393,190322,1.635450096,0.968388412,0.439740145,,,
13,BAR0C,BAR0C,BAR0C,308.4038765,190308,27.78413302,42.31716495,-26.53272082,0.074245831,72.78086393,190322,1.824081803,2.491871029,0.414762959,,,
14,BAR0C,BAR0C,BAR0C,308.4038765,190308,27.78413302,42.31716495,-26.53272082,0.074245831,56.63470297,190228,1.401849083,1.373824157,0.361066041,,,
15,BAR0C,BAR0C,BAR0C,308.4038765,190308,27.78413302,42.31716495,-26.53272082,0.074245831,61.9101689,190405,1.413474176,1.841932233,0.417636563,,,
16,BAR0C,BAR0C,BAR0C,372.2633123,190402,37.22633123,37.95194619,-26.49811543,0.06402945,72.78086393,190322,1.824081803,2.491871029,0.414762959,,,
17,BAR0C,BAR0C,BAR0C,372.2633123,190402,37.22633123,37.95194619,-26.49811543,0.06402945,56.63470297,190228,1.401849083,1.373824157,0.361066041,,,
18,BAR0C,BAR0C,BAR0C,372.2633123,190402,37.22633123,37.95194619,-26.49811543,0.06402945,61.9101689,190405,1.413474176,1.841932233,0.417636563,,,
19,BAR0D,BAR0D,BAR0D,448.6465441,190402,40.41860758,36.45390459,-26.52731443,0.064121197,68.3770965,190405,1.564693284,1.091286143,0.431326537,,,
20,BAR0E,BAR0E,BAR0E,437.4949806,190402,39.41396222,33.70988728,-26.5505717,0.064194332,63.21638423,190405,1.580409606,0.914490923,0.434663416,,,
21,BAR0F,BAR0F,BAR0F,389.9048136,190402,35.12655978,37.01808752,-26.59748446,0.064342011,61.43643118,190405,1.528269432,1.356181352,0.426405465,,,
22,BAR30024A,BAR30024A,BAR30024A,535.6669034,181219,71.42225379,32.36468326,-26.366087,0.071839103,63.98862535,190222,2.688597704,1.250569285,0.27930575,,,
23,BAR30024B,BAR30024B,BAR30024B,552.8814803,181219,65.04488004,28.84340797,-26.30982967,0.071702045,75.50790971,190222,3.172601248,1.127614585,0.280552162,,,
24,BAR30024C,BAR30024C,BAR30024C,505.2710136,181219,66.48302811,25.10534441,-26.21690629,0.071477218,75.87090067,190222,3.284454574,1.247082375,0.279340909,,,
25,BAR3004A,BAR3004A,BAR3004A,557.8865174,181219,68.03494115,32.88543044,-26.27388776,0.071614853,80.4188386,190222,3.093032254,0.84851599,0.283431414,,,
26,BAR3004B,BAR3004B,BAR3004B,517.6096531,181219,61.6201968,33.15647249,-26.29364108,0.071662737,74.86936592,190222,3.043470159,0.693216949,0.28506296,,,
27,BAR3004C,BAR3004C,BAR3004C,523.0388313,181219,68.82089886,33.6099704,-25.9721023,0.070894345,77.66013845,190222,3.118881062,1.385484481,0.277953893,,,
28,BAR3008A,BAR3008A,BAR3008A,530.8560261,181219,68.05846488,31.83900706,-26.63105792,0.07249409,75.96959267,190222,2.967562214,0.915102089,0.282738269,,,
29,BAR3008B,BAR3008B,BAR3008B,435.7390028,181219,58.88364903,33.92824135,-26.09799097,0.071192364,72.36851737,190222,3.002843044,1.929710962,0.272673481,,,
30,BAR3008C,BAR3008C,BAR3008C,496.8567804,181219,65.37589216,35.19519609,-26.39047774,0.071898746,64.31482865,190222,2.690997015,0.999429284,0.281866016,,,
31,FT0A,FT0A,FT0A,324.3889718,190308,30.89418779,45.15516728,-27.09037208,0.075089975,70.12052704,200825,1.388525288,1.518685966,0.407833602,,,
32,FT0B,FT0B,FT0B,432.4113973,190117,39.31012703,39.11339164,-26.81619976,0.273621034,51.36140312,190122A,1.274476504,3.654876904,0.572204998,3.251663527,0.490757325,
33,FT0B,FT0B,FT0B,432.4113973,190117,39.31012703,39.11339164,-26.81619976,0.273621034,52.44683989,190322,1.324415149,2.848450151,0.409309652,,,
34,FT0C,FT0C,FT0C,480.8531869,190308,43.71392608,46.69039116,-27.05987935,0.075039592,68.21760425,200825,1.367086258,2.038977809,0.406125652,,,
35,FT30024A,FT30024A,FT30024A,484.7511818,181219,60.59389773,30.83004873,-26.65137047,0.072544936,80.10643469,190222,3.624725552,2.373190876,0.268583563,,,
36,FT30024B,FT30024B,FT30024B,563.0733533,181219,69.5152288,32.88945257,-26.61025779,0.072442116,83.18966033,190222,3.249596107,2.24459422,0.269749246,,,
37,FT30024C,FT30024C,FT30024C,546.9854668,181219,65.90186347,33.32717391,-26.71045281,0.07269334,85.75166012,190222,3.603010929,2.520332412,0.267270505,,,
38,FT3004A,FT3004A,FT3004A,595.3394241,181219,70.03993225,35.37735687,-26.66783823,0.072586224,80.86621298,190222,3.098322336,2.600300327,0.266566277,,,
39,FT3004B,FT3004B,FT3004B,610.7905244,181219,72.71315767,34.99849378,-26.57169562,0.072346009,75.77349837,190222,2.936957301,2.432018822,0.268055925,,,
40,FT3004C,FT3004C,FT3004C,505.5427787,181219,67.40570383,39.86343596,-26.96179696,0.073333027,81.37134569,190222,3.216258723,2.528758507,0.267195988,,,
41,FT3008A,FT3008A,FT3008A,562.4050536,181219,66.95298257,36.182355,-26.75150999,0.072796911,58.62957201,190222,2.383315935,2.428008052,0.268091785,,,
42,FT3008B,FT3008B,FT3008B,525.2461246,181219,64.84520057,37.62965456,-27.15730519,0.073839805,67.25583081,190222,2.528414692,2.311059396,0.269144668,,,
43,FT3008C,FT3008C,FT3008C,571.9640071,181219,67.28988319,34.57148343,-26.94110953,0.07327987,66.39686772,190222,2.732381388,2.123227975,0.270864679,,,
44,OAT0A,OAT0A,OAT0A,405.4982414,190117,40.95941832,23.5946766,-27.3416745,0.281153848,89.26129235,190122A,2.187776773,3.852558048,0.57075424,not using,,
45,OAT0A,OAT0A,OAT0A,405.4982414,190117,40.95941832,23.5946766,-27.3416745,0.281153848,96.13566425,200827,2.403391606,2.963414412,NA,usiny,,
46,OAT0B,OAT0B,OAT0B,379.861081,190117,38.7613348,24.33533245,-27.94141109,0.289840818,82.33464859,190122A,2.037986351,3.567871498,0.572851566,,,
47,OAT0B,OAT0B,OAT0B,379.861081,190117,38.7613348,24.33533245,-27.94141109,0.289840818,94.42309391,200827,2.28627346,3.431096713,NA,,,
48,OAT0C,OAT0C,OAT0C,437.6873637,190117,42.49391881,23.71433648,-27.4359613,0.282513431,87.47598162,190122A,2.092726833,4.083494203,0.569091793,,,
49,OAT0C,OAT0C,OAT0C,437.6873637,190117,42.49391881,23.71433648,-27.4359613,0.282513431,89.00222585,200827,2.241869669,2.621818024,NA,,,
50,OAT21524A,OAT21524A,OAT21524A,372.9122258,181031,57.37111166,22.71612751,-27.59081807,0.083496071,97.87718752,181112,3.219644326,5.4280695,0.264580206,,,
51,OAT21524B,OAT21524B,OAT21524B,431.1938769,181031,62.49186622,22.45739947,-28.2975542,0.084154077,103.089739,181112,3.629920387,4.892823998,0.266395184,,,
52,OAT21524C,OAT21524C,OAT21524C,436.6630837,181031,66.16107329,23.45585098,-27.47903502,0.083396903,111.8820058,181112,3.680329138,4.860894343,0.266511282,,,
53,OAT2154A,OAT2154A,OAT2154A,332.7887678,181031,46.87165744,22.5461874,-27.68520246,0.083580854,105.1788685,181112,3.426021775,5.223494522,0.265244532,,,
54,OAT2154B,OAT2154B,OAT2154B,343.1420211,181031,51.21522703,22.35157842,-27.2292339,0.083180195,107.1711582,181112,3.490917205,4.988485691,0.266052598,,,
55,OAT2154C,OAT2154C,OAT2154C,320.9135601,181031,50.14274377,24.51000252,-27.2829509,0.083226222,88.43362719,181112,2.909000894,4.562549643,0.267638169,,,
56,OAT2158A,OAT2158A,OAT2158A,396.5739504,181031,55.85548597,22.46993055,-27.35048152,0.083284532,103.0504439,181112,3.378703079,5.321323984,0.264922287,,,
57,OAT2158D,OAT2158D,OAT2158D,317.1972163,181031,51.16084134,22.93636396,-28.20110571,0.084061146,83.1090523,181112,2.978819079,4.921517389,0.2662916,,,
58,OAT2158E,OAT2158E,OAT2158E,331.9461456,181031,49.54420084,24.20341272,-28.11874323,0.083982567,69.85965673,181112,2.558961785,5.219217576,0.26525881,,,
59,OAT23024A,OAT23024A,OAT23024A,544.2381866,181129,64.02802195,20.58772909,-26.90178962,0.084036186,85.73852883,181210,3.827612894,5.047240633,0.37823978,,,
60,OAT23024B,OAT23024B,OAT23024B,529.4623618,181129,67.02055213,20.17073358,-26.97893577,0.084337882,99.91814255,181210,4.251835853,4.473776646,0.382009475,,,
61,OAT23024C,OAT23024C,OAT23024C,502.4273956,181129,61.27163361,20.47125908,-27.28926628,0.085562099,93.04640682,181210,4.117097647,4.265106449,0.383648594,,,
62,OAT2304A,OAT2304A,OAT2304A,414.8204375,181129,56.05681588,21.51387281,-27.23639142,0.085352332,105.6312678,181210,4.936040551,5.105638505,0.377917259,,,
63,OAT2304B,OAT2304B,OAT2304B,500.8279214,181129,63.39593942,22.38885541,-27.66526646,0.087067341,121.7761307,181210,5.341058364,3.748716095,0.388302333,3.086076759,all,
64,OAT2304BDA,OAT2304BDA,OAT2304BDA,NA,NA,NA,NA,NA,NA,84.08466823,190228,3.349986782,2.007239384,0.353475136,3.640480759,no 190228,
65,OAT2304BDA,OAT2304BDA,OAT2304BDA,NA,NA,NA,NA,NA,NA,76.63790557,190322,3.515500256,3.579344891,0.398644774,,,
66,OAT2304BDB,OAT2304BDB,OAT2304BDB,NA,NA,NA,NA,NA,NA,80.34674733,190228,3.201065631,2.501702135,0.347788958,,,
67,OAT2304BDB,OAT2304BDB,OAT2304BDB,NA,NA,NA,NA,NA,NA,81.73283155,190322,3.584773314,3.593381291,0.398446984,,,
68,OAT2304C,OAT2304C,OAT2304C,548.8827972,181129,64.57444673,22.67856609,-27.42518628,0.086103507,126.4857462,181210,5.723336932,4.524825515,0.381629993,,,
69,OAT2308A,OAT2308A,OAT2308A,506.6602261,181129,60.31669358,20.03463999,-27.09284209,0.084785273,113.1197169,181210,4.854923472,4.692243089,0.380445298,,,
70,OAT2308B,OAT2308B,OAT2308B,483.2681411,181129,64.43575215,22.19180152,-27.01612796,0.08448371,117.305307,181210,5.43080125,4.518295237,0.381678063,,,
71,OAT2308D,OAT2308D,OAT2308D,505.9324945,181129,64.04208791,24.62992722,-27.7434147,0.087383107,94.20112315,181210,4.008558432,4.524523754,0.381632211,,,
72,OAT24524A,OAT24524A,OAT24524A,504.005355,181206,60.72353675,22.35997996,-27.59379698,0.078867587,94.43687026,190208,4.215931708,4.453334671,0.287750198,,,
73,OAT24524B,OAT24524B,OAT24524B,507.4222933,181206,68.57058018,23.47314868,-27.33233609,0.078029416,99.9364886,190208,3.997459544,4.233068452,0.288692502,,,
74,OAT24524CDA,OAT24524CDA,OAT24524CDA,525.8907306,181206,61.86949772,21.26429435,-27.49932387,0.078563626,102.428334,190208,4.340183644,4.246176569,0.288634113,,,
75,OAT24524CDB,OAT24524CDB,OAT24524CDB,463.5058875,181206,61.800785,20.69369228,-27.4895813,0.07853235,112.3854133,190208,4.550016733,4.245029648,0.28863921,,,
76,OAT2454A,OAT2454A,OAT2454A,559.3487807,181206,65.80573891,23.38747488,-28.13512859,0.080632655,84.65934437,190208,3.633448256,3.924511462,0.290150802,,,
77,OAT2454ADA,OAT2454ADA,OAT2454ADA,NA,NA,NA,NA,NA,NA,144.8951764,190228,6.165752187,3.700127962,0.334947557,,,
78,OAT2454ADB,OAT2454ADB,OAT2454ADB,NA,NA,NA,NA,NA,NA,118.7452902,190228,5.118331474,3.512415409,0.336866749,,,
79,OAT2454B,OAT2454B,OAT2454B,538.3284546,181206,63.33275936,24.62241339,-27.53895245,0.078690977,88.51259942,190208,3.688024976,3.281966221,0.293695381,3.062699136,,
80,OAT2454BDA,OAT2454BDA,OAT2454BDA,NA,NA,NA,NA,NA,NA,142.6628431,190228,5.822973188,3.050105317,0.341741969,,,
81,OAT2454BDB,OAT2454BDB,OAT2454BDB,NA,NA,NA,NA,NA,NA,136.2340145,190228,5.56057202,2.85602587,0.343849931,,,
82,OAT2454C,OAT2454C,OAT2454C,486.2537346,181206,58.5847873,27.30323307,-27.76946986,0.079436074,88.20508479,190208,3.690589322,3.63653938,0.291655459,,,
83,OAT2454CDA,OAT2454CDA,OAT2454CDA,NA,NA,NA,NA,NA,NA,99.57229625,190228,3.98289185,3.345133583,0.33860667,,,
84,OAT2454CDB,OAT2454CDB,OAT2454CDB,NA,NA,NA,NA,NA,NA,77.84377294,190228,3.190318563,3.287186335,0.339215814,,,
85,OAT2458A,OAT2458A,OAT2458A,485.4279055,181206,65.59836561,21.06914541,-27.16819695,0.077508199,108.0225508,190208,4.696632643,4.164634136,0.289002073,,,
86,OAT2458B,OAT2458B,OAT2458B,513.7204014,181206,61.15719064,23.7727922,-27.05199751,0.077141581,92.1394534,190208,4.006063191,3.970057642,0.289925468,,,
87,OAT2458C,OAT2458C,OAT2458C,549.9405077,181206,65.46910806,24.77683004,-27.65928496,0.079079016,75.61625256,190208,3.217712875,3.860683313,0.290472418,,,
88,OAT26024A,OAT26024A,OAT26024A,530.6039007,181213,70.74718676,18.584033,-27.93118843,0.102143646,87.11125213,190214,4.270159418,3.700226567,0.37788723,,,
89,OAT26024B,OAT26024B,OAT26024B,521.1697672,181213,69.48930229,17.67860452,-27.07430341,0.100254205,95.24084786,190214,4.556978367,4.854904549,0.365624506,,,
90,OAT26024CDA,OAT26024CDA,OAT26024CDA,603.111977,181213,73.5502411,18.25638752,-27.30200806,0.100742178,93.10223197,190214,4.270744586,4.686521978,0.367265406,4.519058928,,
91,OAT26024CDB,OAT26024CDB,OAT26024CDB,436.4338036,181213,51.95640519,18.76485816,-27.40036091,0.100956146,97.71516112,190214,4.248485266,4.351595877,0.370681564,,,
92,OAT2604A,OAT2604A,OAT2604A,576.267277,181213,73.88042013,19.66626285,-27.30035912,0.100738607,94.94098638,190214,4.794999312,4.877141231,0.365411691,,,
93,OAT2604B,OAT2604B,OAT2604B,577.2839707,181213,69.55228563,20.35380085,-27.63139453,0.101466257,80.85950107,190214,4.104543202,4.029582527,0.374152782,,,
94,OAT2604C,OAT2604C,OAT2604C,478.8726525,181213,59.12008056,20.74154428,-27.51580267,0.101209728,83.18460938,190214,4.159230469,3.662023348,0.378332205,,,
95,OAT2608A,OAT2608A,OAT2608A,520.5538113,181213,64.26590263,20.23768665,-27.40749407,0.100971739,105.3453602,190214,4.724007184,4.678123475,0.367348604,,,
96,OAT2608B,OAT2608B,OAT2608B,551.3455461,181213,64.86418189,18.81686514,-27.3343309,0.100812285,107.1563536,190214,5.127098258,4.299862799,0.371227023,,,
97,OAT2608C,OAT2608C,OAT2608C,609.2330212,181213,73.40156882,20.93512698,-26.8501743,0.099784106,110.4979208,190214,5.286981856,4.835120115,0.365814616,,,
98,OAT30024A,OAT30024A,OAT30024A,434.9196478,181219,54.36495598,19.54991688,-27.0213508,0.073486554,110.4194629,190222,4.347222949,5.122610057,0.248055323,,,
99,OAT30024B,OAT30024B,OAT30024B,582.9171008,181219,68.57848245,21.04391251,-27.0918358,0.073669217,112.8649553,190222,4.374610671,3.837607186,0.256553659,,,
100,OAT30024CDA,OAT30024CDA,OAT30024CDA,456.9466232,181219,58.58290041,21.79751708,-27.66144896,0.075182503,105.0453574,190222,4.413670479,4.800003459,0.249995522,4.558705861,4.915319734,0.249295189
101,OAT30024CDB,OAT30024CDB,OAT30024CDB,580.751203,181219,71.69767938,20.86237267,-27.59416953,0.075000391,108.6564227,190222,4.703741242,5.030636008,0.248594855,,,
102,OAT3004A,OAT3004A,OAT3004A,542.5461121,181219,71.38764633,21.25370887,-27.53520028,0.074841504,132.0802644,190222,5.41312559,3.718023572,0.257446156,,,
103,OAT3004B,OAT3004B,OAT3004B,644.0902738,181219,83.64808751,19.53717051,-26.72777031,0.072736981,138.5801692,190222,5.679515131,4.107681757,0.254599902,,,
104,OAT3004C,OAT3004C,OAT3004C,535.2817134,181219,72.33536668,20.12270701,-27.17922006,0.073897104,144.8368077,190222,5.613829756,4.107470397,0.254601397,,,
105,OAT3008A,OAT3008A,OAT3008A,557.7889537,181219,65.62222985,21.26660406,-27.17232781,0.073879073,141.3641105,190222,5.314440244,4.492302244,0.251968904,,,
106,OAT3008B,OAT3008B,OAT3008B,554.2948253,181219,67.59692991,19.85627984,-27.45669418,0.074631044,115.7790587,190222,4.864666332,3.816201701,0.25671219,,,
107,OAT3008C,OAT3008C,OAT3008C,570.3912204,181219,67.90371671,20.57601765,-26.55818472,0.072312413,118.4994697,190222,4.647038027,4.358520187,0.252863575,,,
108,RC2017RYE24524A,RC2017RYE24524A,RC2017RYE24524A,421.6908169,190308,68.01464789,20.36576867,-26.90635973,0.0747933,NA,NA,NA,NA,NA,,,
109,RC2017RYE24524B,RC2017RYE24524B,RC2017RYE24524B,365.2700782,190308,56.19539665,20.77683362,-27.51340851,0.075838301,NA,NA,NA,NA,NA,,,
110,RC2017RYE24524C,RC2017RYE24524C,RC2017RYE24524C,388.5637809,190308,61.67679062,23.84514013,-26.94620696,0.074856042,NA,NA,NA,NA,NA,,,
111,RC2018RYE24524A,RC2018RYE24524A,RC2018RYE24524A,393.7791295,190308,62.50462373,33.62911849,-25.60483189,0.07321347,45.13306449,190405,2.223303669,3.36579837,0.392488562,,,
112,RC2018RYE24524B,RC2018RYE24524B,RC2018RYE24524B,403.9360616,190308,65.15097768,33.85889591,-25.50083525,0.073127482,NA,NA,NA,NA,NA,,,
113,RC2018RYE24524CDA,RC2018RYE24524CDA,RC2018RYE24524CDA,413.3587324,190308,66.67076329,34.38425848,-26.0140118,0.073610363,NA,NA,NA,NA,NA,,,
114,RC2018RYE24524CDB,RC2018RYE24524CDB,RC2018RYE24524CDB,477.7641661,190308,71.30808449,31.67856009,-26.14179241,0.073753283,NA,NA,NA,NA,NA,,,
115,RC2018RYE24525B,RC2018RYE24525B,RC2018RYE24525B,NA,NA,NA,NA,NA,NA,51.53282175,190405,2.419381303,3.814839486,0.385833124,,,
116,RC2018RYE24526CDA,RC2018RYE24526CDA,RC2018RYE24526CDA,NA,NA,NA,NA,NA,NA,45.48107559,190405,2.19715341,3.477192033,0.3908034,,,
117,RC2018RYE24526CDB,RC2018RYE24526CDB,RC2018RYE24526CDB,NA,NA,NA,NA,NA,NA,47.47654364,190405,2.158024711,3.787840068,0.386222827,,,
118,RCSPARERYE24524A,RCSPARERYE24524A,RCSPARERYE24524A,457.9882744,190308,68.35645887,10.08761068,-25.12486514,0.072867464,58.05162252,190322,2.764362977,4.705266819,0.383676807,,,
119,RCSPARERYE24524B,RCSPARERYE24524B,RCSPARERYE24524B,392.5792154,190308,63.31922829,11.48588925,-25.49496423,0.073122809,65.31408463,190322,3.080853049,4.567550644,0.38540673,,,
120,RCSPARERYE24524C,RCSPARERYE24524C,RCSPARERYE24524C,406.4447914,190308,57.24574527,14.68536337,-25.65776175,0.073259561,56.39405925,190322,2.635236414,3.842234765,0.39498585,,,
121,RYE0A,RYE0A,RYE0A,421.6021144,190402,41.33354063,40.06288,-25.60012486,0.061249673,57.25671104,190405,1.417245323,3.734427714,0.386997767,,,
122,RYE0A,RYE0A,RYE0A,404.7804818,190117,40.07727543,39.20286742,-25.63311556,0.256964061,57.25671104,190405,1.417245323,3.734427714,0.386997767,,,
123,RYE0B,RYE0B,RYE0B,347.7694027,190117,36.22597945,47.71795802,-25.8506203,0.259992356,51.53908766,190405,1.221305395,4.082014977,0.382050955,,,
124,RYE0B,RYE0B,RYE0B,391.6559345,190402,39.16559345,46.76339687,-25.80147504,0.061865666,51.53908766,190405,1.221305395,4.082014977,0.382050955,,,
125,RYE0C,RYE0C,RYE0C,336.6276747,190402,33.00271321,41.91634397,-24.84574338,0.058982513,67.58583138,190405,1.62857425,3.353983843,0.392668591,,,
128,RYE0C,RYE0C,RYE0C,359.5172966,190117,33.91672609,39.50292541,-24.93495973,0.247358233,52.69506455,190122A,1.297907994,2.417692369,0.581852531,,,
129,RYE21524A,RYE21524A,RYE21524A,393.1935033,181031,61.43648489,41.34763151,-24.98896863,0.081547204,77.91290738,181112,1.997766856,5.676192305,0.263823711,,,
130,RYE21524A,RYE21524A,RYE21524A,246.8867121,190402,39.82043744,45.67447804,-25.00377793,0.059451919,77.91290738,181112,1.997766856,5.676192305,0.263823711,,,
131,RYE21524B,RYE21524B,RYE21524B,714.1914567,190402,105.0281554,35.98704525,-24.74960897,0.058698466,86.71320425,181112,2.195270994,5.83519579,0.263367512,,,
134,RYE21524B,RYE21524B,RYE21524B,418.4996648,181031,66.42851822,32.23600676,-24.96019405,0.081529946,45.8061571,190228,2.202219091,3.790747597,0.334033802,,,
135,RYE21524C,RYE21524C,RYE21524C,359.0423969,190402,57.91006402,49.3633893,-25.98876768,0.062442534,67.18476574,181112,1.845735323,4.175881505,0.269210648,,,
136,RYE21524C,RYE21524C,RYE21524C,501.666825,181031,70.6572993,42.29490665,-26.13299125,0.082310432,67.18476574,181112,1.845735323,4.175881505,0.269210648,,,
137,RYE2154B,RYE2154B,RYE2154B,285.6917835,181031,43.95258208,41.00096617,-25.77702964,0.082056943,57.02022026,181112,1.432668851,3.967638551,0.270109195,,,
138,RYE2154C,RYE2154C,RYE2154C,296.1654239,181031,42.30934627,43.13565527,-25.62407343,0.081952439,53.4348082,181112,1.380744398,3.888653257,0.270459371,,,
139,RYE2154E,RYE2154E,RYE2154E,NA,NA,NA,NA,NA,NA,56.5337177,181112,1.445875133,3.769880543,0.270995572,,,
140,RYE2154EDA,RYE2154EDA,RYE2154EDA,288.5172919,181031,43.06228237,38.58945812,-25.82037348,0.082087041,NA,NA,NA,NA,NA,,,
141,RYE2154EDB,RYE2154EDB,RYE2154EDB,320.5989438,181031,51.70950706,43.3599389,-25.75069001,0.082038757,NA,NA,NA,NA,NA,,,
142,RYE2158B,RYE2158B,RYE2158B,302.9167821,181031,45.21146001,38.13903565,-26.03039395,0.082235899,54.86236917,181112,1.399550234,4.34983502,0.268487698,,,
143,RYE2158C,RYE2158C,RYE2158C,314.6569748,181031,48.40876535,41.11392858,-25.88101167,0.082129507,57.45790634,181112,1.45463054,3.586436543,0.271846317,,,
144,RYE2158E,RYE2158E,RYE2158E,292.7954525,181031,43.70081381,43.89241922,-25.6846581,0.081993513,54.93556374,181112,1.426897759,5.519361206,0.26429557,,,
145,RYE23024A,RYE23024A,RYE23024A,525.5487295,181129,66.52515563,38.70087544,-25.28189959,0.077967731,62.49378818,190228,3.109143691,3.513702282,0.336853472,,,
146,RYE23024A,RYE23024A,RYE23024A,525.5487295,181129,66.52515563,38.70087544,-25.28189959,0.077967731,128.0051638,181210,2.83197265,4.98542496,0.378593637,,,
147,RYE23024B,RYE23024B,RYE23024B,513.8001941,181129,61.16668977,37.22367273,-25.13976381,0.077461694,82.83163863,190228,4.226104012,3.741957272,0.334524736,,,
148,RYE23024B,RYE23024B,RYE23024B,513.8001941,181129,61.16668977,37.22367273,-25.13976381,0.077461694,131.2121457,181210,2.840089734,5.021985655,0.378382803,,,
149,RYE23024C,RYE23024C,RYE23024C,498.1245345,181129,59.30053982,43.29226547,-25.05685436,0.077168657,112.0705467,190228,5.548046866,3.850180071,0.333439075,,,
150,RYE23024C,RYE23024C,RYE23024C,498.1245345,181129,59.30053982,43.29226547,-25.05685436,0.077168657,116.0260038,181210,2.52230443,4.992480854,0.378552599,,,
151,RYE2304A,RYE2304A,RYE2304A,458.449288,181129,56.59867753,36.02092446,-25.39296974,0.078366345,80.01172101,190228,3.941464089,4.526644736,0.326930404,,,
152,RYE2304A,RYE2304A,RYE2304A,458.449288,181129,56.59867753,36.02092446,-25.39296974,0.078366345,150.0877476,181210,3.227693497,6.213413115,0.373998178,,,
153,RYE2304B,RYE2304B,RYE2304B,430.5936599,181129,51.8787542,42.96011177,-25.7642876,0.079718614,79.73212364,190228,3.986606182,3.116628785,0.341027677,,,
154,RYE2304B,RYE2304B,RYE2304B,430.5936599,181129,51.8787542,42.96011177,-25.7642876,0.079718614,110.4900633,181210,2.488514939,4.035961762,0.385609656,,,
155,RYE2304EDA,RYE2304EDA,RYE2304EDA,479.9247776,181129,57.1339021,45.12723068,-25.26948169,0.077923337,105.4029485,181210,2.337094202,4.333267898,0.383097704,2.2946921,4.205826822,0.384165838
156,RYE2304EDB,RYE2304EDB,RYE2304EDB,417.9369441,181129,56.47796542,47.98963718,-25.28848147,0.077991275,102.7044239,181210,2.252289998,4.078385745,0.385233972,,,
157,RYE2308A,RYE2308A,RYE2308A,500.9762476,181129,61.84891946,35.8881515,-25.22253447,0.077755818,128.8682742,181210,2.870117465,4.263498291,0.383661772,,,
158,RYE2308B,RYE2308B,RYE2308B,454.7561659,181129,60.63415545,36.2529501,-25.36956087,0.078282105,119.2655729,181210,2.60405181,5.3198024,0.376832804,,,
159,RYE2308C,RYE2308C,RYE2308C,429.2905864,181129,50.50477487,41.94144814,-24.6333366,0.075697119,134.7463022,181210,2.961457191,4.832806189,0.379521926,,,
160,RYE2308C,RYE2308C,RYE2308C,429.2905864,181129,50.50477487,41.94144814,-24.6333366,0.075697119,48.53170072,190228,2.463538108,3.732630403,0.33461886,,,
161,RYE24524A,RYE24524A,RYE24524A,492.4910165,181206,66.55284007,53.84986246,-27.07382304,0.077210291,NA,NA,NA,NA,NA,,,
162,RYE24524A,RYE24524A,RYE24524A,426.2029686,190117,60.02858713,41.94632516,-27.28184465,0.280292347,NA,NA,NA,NA,NA,,,
163,RYE24524B,RYE24524B,RYE24524B,398.9530253,190117,63.32587703,33.72386282,-26.40078873,0.267722189,47.85173311,190208,2.357228232,2.303063169,0.300365202,,,
164,RYE24524B,RYE24524B,RYE24524B,441.8167436,181206,56.64317226,38.74262136,-26.34752558,0.074962678,47.85173311,190208,2.357228232,2.303063169,0.300365202,,,
165,RYE24524C,RYE24524C,RYE24524C,502.486765,181206,63.60591962,47.70218493,-26.82711759,0.076437759,NA,NA,NA,NA,NA,,,
166,RYE24524C,RYE24524C,RYE24524C,409.3835356,190117,61.10202024,42.38394144,-26.90919116,0.274948462,NA,NA,NA,NA,NA,,,
167,RYE2454A,RYE2454A,RYE2454A,525.926117,181206,61.87366082,58.56443243,-25.5344956,0.072547847,88.83436329,200825,2.394457232,3.495901816,0.403059218,,,
168,RYE2454B,RYE2454B,RYE2454B,500.2878245,181206,60.27564151,50.36338896,-25.45739584,0.072324769,92.22721505,200825,2.439873414,3.895736831,0.402665552,,,
169,RYE2454C,RYE2454C,RYE2454C,492.5964346,181206,61.57455433,49.8321447,-25.46532232,0.072347654,97.25498916,200825,2.545942125,2.727279405,0.404359434,,,
170,RYE2458B,RYE2458B,RYE2458B,485.5155105,181206,65.61020412,44.97804854,-25.28037739,0.071816637,NA,NA,NA,NA,NA,,,
171,RYE2458BDA,RYE2458BDA,RYE2458BDA,NA,NA,NA,NA,NA,NA,89.62850159,200825,2.462321472,2.764645226,0.404279763,2.383249748,2.723107349,0.404369469
172,RYE2458BDB,RYE2458BDB,RYE2458BDB,NA,NA,NA,NA,NA,NA,85.2545869,200825,2.304178024,2.681569472,0.404459175,,,
173,RYE2458C,RYE2458C,RYE2458C,NA,NA,NA,NA,NA,NA,90.32691341,200825,2.364578885,3.000610967,0.403815412,,,
174,RYE2458CDA,RYE2458CDA,RYE2458CDA,412.2636632,181206,55.71130584,39.96133451,-25.84927837,0.073469486,NA,NA,NA,NA,NA,,,
175,RYE2458CDB,RYE2458CDB,RYE2458CDB,498.0450617,181206,59.29107877,47.60920807,-25.74805203,0.07317123,NA,NA,NA,NA,NA,,,
176,RYE2458D,RYE2458D,RYE2458D,541.1457572,181206,63.66420673,39.16422095,-24.75367416,0.070339151,49.39457235,190208,2.507338698,4.98567036,0.285817658,,,
177,RYE26024A,RYE26024A,RYE26024A,488.0075638,181213,65.06767517,34.40844159,-25.8023929,0.097725088,45.05877173,190122A,2.187319016,4.094337152,0.5690146,,,
178,RYE26024A,RYE26024A,RYE26024A,488.0075638,181213,65.06767517,34.40844159,-25.8023929,0.097725088,52.80759356,190214,2.422366677,3.475996217,0.380533438,,,
179,RYE26024B,RYE26024B,RYE26024B,548.0041791,181213,65.23859275,33.29638438,-25.33882382,0.096889554,49.98395872,190214,2.38018851,2.845795084,0.388404285,,,
180,RYE26024B,RYE26024B,RYE26024B,548.0041791,181213,65.23859275,33.29638438,-25.33882382,0.096889554,48.46686933,190122A,2.352760647,3.850740924,0.57076746,,,
181,RYE26024C,RYE26024C,RYE26024C,NA,NA,NA,NA,NA,NA,53.05884417,190214,2.575672047,4.571495738,0.36841597,,,
182,RYE26024CDA,RYE26024CDA,RYE26024CDA,470.996856,181213,61.97327053,31.88505984,-25.33037722,0.096874772,NA,NA,NA,NA,NA,,,
183,RYE26024CDB,RYE26024CDB,RYE26024CDB,589.1035012,181213,70.13136919,32.38001512,-25.30817545,0.096835993,NA,NA,NA,NA,NA,,,
184,RYE2604A,RYE2604A,RYE2604A,507.6163977,181213,65.07902535,32.05635796,-25.2481884,0.096731768,51.71756502,190214,2.611998233,4.461134074,0.36954224,,,
185,RYE2604B,RYE2604B,RYE2604B,395.2781847,181213,53.41597091,38.5751579,-25.83872024,0.097792557,59.38010562,200827,2.012884936,1.759916107,NA,2.113648736,2.011309774,0.39623041
186,RYE2604B,RYE2604B,RYE2604B,395.2781847,181213,53.41597091,38.5751579,-25.83872024,0.097792557,46.05978075,190214,2.214412536,2.26270344,0.39623041,,,
187,RYE2604C,RYE2604C,RYE2604C,494.6844447,181213,65.95792596,33.61960053,-25.14128578,0.096548034,70.78260499,200827,2.305622312,3.660707665,NA,,,
188,RYE2604C,RYE2604C,RYE2604C,494.6844447,181213,65.95792596,33.61960053,-25.14128578,0.096548034,46.69480643,190214,2.334740322,3.936156162,0.375193429,,,
189,RYE2608A,RYE2608A,RYE2608A,542.7638701,181213,67.0078852,35.50987972,-25.48053009,0.097139924,59.49373278,190214,2.930725753,4.419073364,0.369977203,,,
190,RYE2608B,RYE2608B,RYE2608B,461.1371544,181213,57.6421443,37.91760196,-25.21277265,0.096670614,64.55140484,190214,2.920878047,3.287576193,0.38282054,,,
191,RYE2608C,RYE2608C,RYE2608C,512.0205945,181213,67.37113086,34.92969551,-25.20256698,0.096653044,NA,NA,NA,NA,NA,,,
192,RYE2608CDA,RYE2608CDA,RYE2608CDA,NA,NA,NA,NA,NA,NA,63.83361527,190214,3.011019588,4.094316925,0.373440505,2.830085551,4.227763309,0.372010612
193,RYE2608CDB,RYE2608CDB,RYE2608CDB,NA,NA,NA,NA,NA,NA,54.83743633,190214,2.649151514,4.361209693,0.370580718,,,
194,RYE30024A,RYE30024A,RYE30024A,578.4782027,181219,72.30977534,33.38892427,-25.489629,0.06978671,59.05152542,190122A,2.952576271,4.830394352,0.563957409,,,
195,RYE30024A,RYE30024A,RYE30024A,578.4782027,181219,72.30977534,33.38892427,-25.489629,0.06978671,94.66291941,190222,4.188624753,4.405992071,0.252543586,,,
196,RYE30024B,RYE30024B,RYE30024B,571.4185083,181219,71.42731354,31.53480532,-25.25123952,0.069260213,59.85760455,190122A,2.94865047,2.835277224,0.578488192,,,
197,RYE30024B,RYE30024B,RYE30024B,571.4185083,181219,71.42731354,31.53480532,-25.25123952,0.069260213,101.7363148,190222,4.624377945,2.654620523,0.266091719,,,
198,RYE30024CDA,RYE30024CDA,RYE30024CDA,583.9646613,181219,71.2152026,32.59445996,-25.11906585,0.068974387,108.3216236,190222,4.946192858,3.350452465,0.260292527,,,
199,RYE30024CDB,RYE30024CDB,RYE30024CDB,499.3461238,181219,64.01873382,34.54491896,-25.09342478,0.068919448,95.0951674,190222,4.707681554,3.268494056,0.260948036,,,
200,RYE3004A,RYE3004A,RYE3004A,531.2546377,181219,66.40682971,40.30214535,-25.15640686,0.069054693,55.70202298,190222,2.61511845,3.495812881,0.259148495,,,
201,RYE3004A,RYE3004A,RYE3004A,531.2546377,181219,66.40682971,40.30214535,-25.15640686,0.069054693,51.36265643,190122A,2.568132822,4.177855816,0.568422613,,,
202,RYE3004B,RYE3004B,RYE3004B,549.2071356,181219,70.41117123,39.00673082,-25.55107632,0.069924679,57.20996848,190222,2.711372914,2.93413335,0.263699161,,,
203,RYE3004B,RYE3004B,RYE3004B,549.2071356,181219,70.41117123,39.00673082,-25.55107632,0.069924679,50.08707619,190122A,2.443272009,3.469586639,0.573587842,,,
204,RYE3004C,RYE3004C,RYE3004C,537.3410537,181219,68.0178549,33.65948201,-25.36184695,0.069502753,51.945721,190222,2.677614485,3.033017074,0.26287281,,,
205,RYE3008A,RYE3008A,RYE3008A,541.2304014,181219,66.81856807,39.67605991,-25.60638329,0.070049643,52.31829062,190222,2.399921588,3.28322367,0.260829675,,,
206,RYE3008B,RYE3008B,RYE3008B,576.8577125,181219,70.34850152,39.12105456,-25.23950914,0.069234669,50.40747755,190222,2.558755206,3.154973454,0.261868322,,,
207,RYE3008C,RYE3008C,RYE3008C,575.7339709,181219,69.36553866,34.26941754,-25.25959927,0.069278438,63.55629452,190222,3.04097103,3.42760469,0.259682343,,,
208,RYEXX1,RYEXX1,RYEXX1,365.2847284,190308,32.90853409,43.63637581,-25.2807351,0.072965565,51.33753009,190228,1.286654889,4.545417681,0.326756762,,,
209,RYEXX2,RYEXX2,RYEXX2,305.8413878,190308,29.98444978,49.85070781,-25.61614788,0.073223192,48.97125484,190228,1.239778604,3.332572655,0.338738432,,,
210,RYEXX3,RYEXX3,RYEXX3,392.7096257,190308,37.40091673,47.03432003,-25.96340278,0.073556242,53.63041561,190228,1.334089941,3.155706994,0.340610058,,,
211,SPT0A,SPT0A,SPT0A,425.121326,190117,43.37972714,25.66742105,-26.97032288,0.275822445,78.4896444,200827,1.952478716,5.382926378,NA,,,
212,SPT0A,SPT0A,SPT0A,425.121326,190117,43.37972714,25.66742105,-26.97032288,0.275822445,80.68900488,190122A,1.968024509,6.586980596,0.55338916,,,
213,SPT0B,SPT0B,SPT0B,390.8718715,190117,39.48200722,24.95073849,-27.67850743,0.286021507,74.11893119,190122A,1.848352399,5.759906566,0.558096712,,,
214,SPT0B,SPT0B,SPT0B,390.8718715,190117,39.48200722,24.95073849,-27.67850743,0.286021507,80.30188481,200827,2.038118904,6.017594675,NA,,,
215,SPT0C,SPT0C,SPT0C,467.143914,190117,45.35377806,24.87242174,-26.96712263,0.275776665,84.57858564,190122A,2.109191662,6.328089576,0.554810542,,,
216,SPT0CDA,SPT0CDA,SPT0CDA,NA,NA,NA,NA,NA,NA,84.56800876,200827,2.082955881,5.079849804,NA,2.085474423,4.879624691,
217,SPT0CDB,SPT0CDB,SPT0CDB,NA,NA,NA,NA,NA,NA,84.35491578,200827,2.087992965,4.679399577,NA,,,
218,SPT21524A,SPT21524A,SPT21524A,421.1349768,181031,63.80832982,23.60552552,-27.54778183,0.083457732,100.8193156,181112,3.600689843,7.848070062,0.259567248,,,
219,SPT21524B,SPT21524B,SPT21524B,438.0369872,181031,61.69535031,23.19903337,-27.70859606,0.083602017,101.8170363,181112,3.71595023,7.741405322,0.259675355,,,
220,SPT21524C,SPT21524C,SPT21524C,NA,NA,NA,NA,NA,NA,82.45448456,181112,2.94480302,6.985503308,0.260742759,,,
221,SPT21524CDA,SPT21524CDA,SPT21524CDA,405.7510475,181031,57.14803486,24.08028616,-27.4519716,0.083373098,NA,NA,NA,NA,NA,,,
222,SPT21524CDB,SPT21524CDB,SPT21524CDB,353.5769236,181031,53.57226115,25.46523856,-27.31994523,0.083258104,NA,NA,NA,NA,NA,,,
223,SPT2154A,SPT2154A,SPT2154A,284.9288998,181031,43.17104542,25.52103539,-27.77070411,0.083658486,68.41384902,181112,2.257882806,7.239298419,0.260325676,,,
224,SPT2154B,SPT2154B,SPT2154B,337.8465449,181031,50.42485745,25.50467493,-26.93169807,0.082930972,62.54067479,181112,2.120022874,6.338267102,0.262072644,,,
225,SPT2154C,SPT2154C,SPT2154C,306.0971373,181031,45.6861399,25.03941751,-27.35416014,0.083287723,69.51958111,181112,2.364611602,7.278452641,0.2602666,,,
226,SPT2158A,SPT2158A,SPT2158A,319.7717816,181031,51.57609381,25.31142675,-27.15498358,0.083117092,86.61999331,181112,2.916498091,7.177086505,0.260422441,,,
227,SPT2158B,SPT2158B,SPT2158B,423.5640111,181031,62.28882516,24.15417377,-27.5228635,0.083435625,84.84777167,181112,2.946103183,7.522711598,0.25992997,,,
228,SPT2158C,SPT2158C,SPT2158C,NA,NA,NA,NA,NA,NA,49.31776745,181112,1.761348838,6.213301907,0.262373115,,,
229,SPT2158CDA,SPT2158CDA,SPT2158CDA,386.4086053,181031,58.54675838,23.81677818,-27.06451356,0.083041021,NA,NA,NA,NA,NA,,,
230,SPT2158CDB,SPT2158CDB,SPT2158CDB,437.5539944,181031,70.5732249,23.36400407,-27.02432603,0.083007517,NA,NA,NA,NA,NA,,,
231,SPT23024A,SPT23024A,SPT23024A,437.7500353,181129,57.59868886,21.12834744,-27.2077939,0.085239079,126.3569273,181210,4.822783485,6.876772617,0.373680836,,,
232,SPT23024B,SPT23024B,SPT23024B,459.1943856,181129,61.22591808,21.67128355,-26.82533426,0.083738249,118.1851678,181210,4.510884267,7.031727202,0.37382721,,,
233,SPT23024CDA,SPT23024CDA,SPT23024CDA,464.9690625,181129,60.38559253,22.67225406,-27.15429183,0.085027578,104.6535674,181210,3.904983858,6.821602612,0.373648874,4.124146464,6.9361174,0.373749826
234,SPT23024CDB,SPT23024CDB,SPT23024CDB,517.1645209,181129,63.84747172,23.12707168,-27.08900273,0.084770156,112.9260358,181210,4.343309069,7.050632189,0.373850779,,,
235,SPT2304A,SPT2304A,SPT2304A,466.2726136,181129,56.86251385,23.13210533,-27.46790531,0.086274311,86.73884281,181210,3.154139739,6.759640561,0.3736256,,,
236,SPT2304B,SPT2304B,SPT2304B,496.7674033,181129,61.32930905,22.56685516,-27.25790321,0.085437616,85.61041478,181210,3.267573083,6.274534232,0.373904966,,,
237,SPT2304C,SPT2304C,SPT2304C,400.1641343,181129,53.35521791,23.71440073,-27.15445153,0.085028209,98.47078886,181210,3.701909356,6.355121856,0.37380189,,,
238,SPT2308A,SPT2308A,SPT2308A,465.5876908,181206,60.46593387,26.1951771,-27.35374105,0.078097672,96.7494151,181210,3.55696379,6.880185792,0.373683161,,,
239,SPT2308B,SPT2308B,SPT2308B,554.0478415,181129,65.182099,24.61392825,-27.23191527,0.085334596,86.47088855,181210,3.155871845,6.626072389,0.373620863,,,
240,SPT2308DDA,SPT2308DDA,SPT2308DDA,552.1107048,181129,67.33057376,22.99886147,-27.08910814,0.084770571,76.63389788,181210,3.090076527,6.789961292,0.37363532,,,
241,SPT2308DDB,SPT2308DDB,SPT2308DDB,550.3459391,181129,65.5173737,22.46657966,-27.0271897,0.084527129,78.9384808,181210,3.083534406,6.823766486,0.373649928,,,
242,SPT24524A,SPT24524A,SPT24524A,542.9840133,181206,66.2175626,25.49382466,-27.09452535,0.077275529,99.32226047,190208,4.087335822,6.442113917,0.283083497,,,
243,SPT24524B,SPT24524B,SPT24524B,512.1524368,181206,65.66056882,26.93169715,-26.93532781,0.076775486,86.57011995,190208,3.652747677,5.101271678,0.285463175,,,
244,SPT24524BDA,SPT24524BDA,SPT24524BDA,NA,NA,NA,NA,NA,NA,71.38408693,190228,3.158587917,5.011383573,0.322571664,3.126892994,4.982305886,0.322826191
245,SPT24524BDB,SPT24524BDB,SPT24524BDB,NA,NA,NA,NA,NA,NA,76.14187256,190228,3.095198072,4.953228198,0.323080719,,,
246,SPT24524C,SPT24524C,SPT24524C,507.3602333,181206,61.12773895,23.26181525,-26.70698718,0.076064914,94.80296679,190208,3.792118672,6.519837759,0.283044287,,,
247,SPT2454B,SPT2454B,SPT2454B,533.79813,181206,64.31302771,27.25566251,-27.33942483,0.078052013,72.40095844,190208,3.447664688,6.426671087,0.283092582,,,
248,SPT2454C,SPT2454C,SPT2454C,520.4593597,181206,62.70594695,28.54587388,-27.38033832,0.078182576,69.1264844,190208,3.142112927,6.49357932,0.283056317,,,
249,SPT2454DDA,SPT2454DDA,SPT2454DDA,504.8919732,181206,61.57219185,26.27498922,-26.98197801,0.076921625,74.43870679,190208,3.236465513,6.397249771,0.28311108,,,
250,SPT2454DDB,SPT2454DDB,SPT2454DDB,538.4975877,181206,64.87922743,25.47878805,-27.08162303,0.077234863,60.5892313,190208,2.818103781,6.032794625,0.283469282,,,
251,SPT2458A,SPT2458A,SPT2458A,510.1183673,181206,65.39979068,25.08361666,-27.3901103,0.078213795,76.36806659,190208,3.394136293,7.020318285,0.283052486,,,
252,SPT2458B,SPT2458B,SPT2458B,519.671568,181206,68.37783789,26.02167316,-26.97415835,0.076897106,77.34373262,190208,3.291222665,6.296710249,0.283186049,,,
253,SPT2458C,SPT2458C,SPT2458C,588.9176014,181206,69.28442369,24.37151614,-27.38320238,0.078191724,74.4049356,190208,3.2349972,6.711611238,0.28299409,,,
254,SPT26024A,SPT26024A,SPT26024A,484.7342171,181213,57.70645442,18.89799717,-27.68845057,0.101593839,98.02995157,190214,4.18931417,6.307738975,0.35370297,,,
255,SPT26024B,SPT26024B,SPT26024B,530.2173524,181213,63.88160872,20.26145987,-26.95857757,0.100010202,77.45046397,190214,3.872523199,6.309277581,0.353692551,,,
256,SPT26024C,SPT26024C,SPT26024C,NA,NA,NA,NA,NA,NA,89.95967581,190214,3.89435826,6.372750922,0.353266889,,,
257,SPT26024CDA,SPT26024CDA,SPT26024CDA,393.2407818,181213,49.15509773,20.41080772,-27.32792464,0.100798374,NA,NA,NA,NA,NA,,,
258,SPT26024CDB,SPT26024CDB,SPT26024CDB,447.0379862,181213,59.60506483,20.27505336,-27.45967096,0.1010861,NA,NA,NA,NA,NA,,,
259,SPT2604A,SPT2604A,SPT2604A,606.4214622,181213,75.80268278,21.94991735,-26.98981645,0.1000758,69.7814953,190214,3.524317944,5.816875352,0.357270414,,,
260,SPT2604B,SPT2604B,SPT2604B,526.287193,181213,69.24831487,22.50482314,-27.17877756,0.100476804,69.02475654,190214,3.400234312,6.073642114,0.355344123,,,
261,SPT2604C,SPT2604C,SPT2604C,517.3087491,181213,63.08643282,22.58707771,-27.30885284,0.100757007,NA,NA,NA,NA,NA,,,
262,SPT2604CDA,SPT2604CDA,SPT2604CDA,NA,NA,NA,NA,NA,NA,74.40183734,190214,3.509520629,6.321271723,0.353611488,,,
263,SPT2604CDB,SPT2604CDB,SPT2604CDB,NA,NA,NA,NA,NA,NA,77.62249515,190214,3.560664915,5.93243061,0.356387292,,,
264,SPT2608A,SPT2608A,SPT2608A,501.6386648,181213,64.31264933,21.46784289,-26.88089305,0.099847933,90.69762794,190214,3.892602058,6.15840298,0.354737138,,,
265,SPT2608B,SPT2608B,SPT2608B,456.985779,181213,58.58792038,21.447346,-27.11775971,0.100346529,92.46958753,190214,3.918202861,6.610387167,0.351746464,,,
266,SPT2608C,SPT2608C,SPT2608C,548.514395,181213,64.53110529,21.87677712,-27.60057162,0.101397598,93.28495237,190214,4.091445279,6.220828993,0.354299345,,,
267,SPT30024A,SPT30024A,SPT30024A,503.8346376,181219,59.980314,21.80513905,-26.55416231,0.072302419,145.7835011,190222,5.522102314,5.985988081,0.243534537,,,
268,SPT30024B,SPT30024B,SPT30024B,500.7885797,181219,65.89323417,20.02361434,-26.99489435,0.073418259,137.8642635,190222,5.51457054,5.668838628,0.24507935,,,
269,SPT30024CDA,SPT30024CDA,SPT30024CDA,549.4594712,181219,67.83450262,17.17590652,-26.9435985,0.073286261,142.9771808,190222,5.765208903,6.170922698,0.242697156,,,
270,SPT30024CDB,SPT30024CDB,SPT30024CDB,500.718978,181219,63.38214911,18.0897921,-26.81993537,0.072970326,136.5525137,190222,5.506149746,6.031562062,0.24332381,,,
271,SPT3004A,SPT3004A,SPT3004A,572.9214479,181219,69.02668047,24.17196612,-26.883885,0.0731333,92.72971606,190222,3.636459453,5.36717761,0.246674187,,,
272,SPT3004B,SPT3004B,SPT3004B,513.4017713,181219,65.82073991,22.24241392,-26.65933641,0.072564901,103.1550021,190222,4.02949227,6.205887503,0.242544142,,,
273,SPT3004C,SPT3004C,SPT3004C,532.2768053,181219,64.12973558,22.00561286,-26.90939209,0.073198547,118.4306267,190222,4.486008587,6.269426843,0.242270419,,,
274,SPT3008A,SPT3008A,SPT3008A,476.9699537,181219,61.14999406,25.17001063,-26.73262471,0.072749226,92.30083133,190222,3.87818619,6.080164585,0.243102223,,,
275,SPT3008B,SPT3008B,SPT3008B,544.9146947,181219,72.65529263,23.63065148,-27.08649672,0.073655345,104.3208101,190222,4.091012161,5.920214707,0.243843676,,,
276,SPT3008C,SPT3008C,SPT3008C,524.4784882,181219,67.24083182,22.27770808,-27.70146405,0.075291235,125.4911767,190222,5.039806293,6.608441742,0.240905353,,,
277,WHXX1,WHXX1,WHXX1,430.2887014,190308,43.90701035,33.47550702,-25.05751085,0.07282934,76.61225341,190228,1.882364949,4.899863457,0.323551202,,,
278,WHXX2,WHXX2,WHXX2,387.8658992,190308,38.02606855,32.92637872,-25.2511851,0.072945909,77.16153949,190228,1.886590208,4.017960064,0.331779793,,,
279,WHXX3,WHXX3,WHXX3,NA,NA,NA,NA,NA,NA,89.45702728,190228,2.29376993,3.254760339,0.339558109,,,
280,WHXX3DA,WHXX3DA,WHXX3DA,262.4426969,190308,25.98442544,33.44911741,-25.02242407,0.072810502,NA,NA,NA,NA,NA,,,
281,WHXX3DB,WHXX3DB,WHXX3DB,310.8923334,190308,31.08923334,32.56448845,-25.02068606,0.072809587,NA,NA,NA,NA,NA,,,